Variant_ID,Ref_Nucleotide,Alt_Nucleotide,Codon_Change_Type,AA_Grantham_Score,GC_Content_Window,In_CpG_Site,Motif_Disruption_Score,AA_Polarity_Change,AA_Hydrophobicity_Diff,AA_Mol_Weight_Diff,AA_Size_Diff,Protein_Impact_Score,Delta_Solvent_Accessibility,Secondary_Structure_Disruption,GERP_RS,PhyloP100way_vertebrate,phastCons100way_vertebrate,SiPhy_29way_logOdds,Phylo_Diversity_Index,gnomAD_exomes_AF,gnomAD_exomes_AF_afr,gnomAD_exomes_AF_eur,gnomAD_exomes_AF_eas,gnomAD_exomes_AF_sas,gnomAD_exomes_AF_amr,ExAC_AF,SIFT_score,PolyPhen2_HDIV_score,PolyPhen2_HVAR_score,CADD_phred,REVEL_score,MutPred2_score,VEST4_score,PROVEAN_score,MutationTaster_score,MetaSVM_score,MetaLR_score,MCAP_score,In_Critical_Protein_Domain,Splice_Site_Distance,Is_Exonic,Exon_Conservation_Ratio,OMIM_Disease_Gene,Label,Panel,Nuc_Context,AA_Context
VAR_003800,2.0,1.0,2.0,7.705208800619804,0.482234738854803,0.0,0.06569421221461767,0.0,3.423393986947996,27.33603866083158,2.800570569715852,0.0,0.02933989910281773,0.0,2.97058157555906,3.5174953312286252,0.19576189938338553,0.0,0.25762584999225313,0.0,,0.0,0.0,0.0,0.0026997762878546677,0.0,0.49104460508931996,0.07177295957585568,0.12287456252764285,2.561799694760672,0.12797810442836452,0.4227516109735567,0.3674175132594245,1.5942668362975847,0.05888649476601379,-0.7583340967702803,,0.05675592503743467,0.0,175.30726250294467,1.0,0.6077085916612692,1.0,Benign,CFTR,TGCTTGGCAGA,GNHEMSESAMV
VAR_003801,1.0,0.0,1.0,209.22480165050467,0.415978549830451,0.0,0.8854346739877635,2.0,0.5630355657576861,35.72676714638579,99.50225253273757,0.38657943681386675,1.0,0.0,3.5483443575083675,2.3260242699190177,0.9160800684838833,12.221805907560338,1.0,3.752385408681608e-09,0.0,0.0,0.0,0.015116843672813428,0.0,0.003305237737792354,0.1585918683017346,0.6280263442947054,0.569860688888839,15.320512855451344,0.8870425182093536,0.6252175260411128,0.40510820424019356,-2.355220086122765,0.8290926995259758,0.7940571471534883,0.49926635161253125,0.7155574616933063,1.0,22.40410273051333,0.0,0.8714120000204113,1.0,Pathogenic,CFTR,TTACTTGATCA,FFYRLANEVVI
VAR_003802,3.0,3.0,1.0,185.9557442054794,0.44959167978559594,0.0,,1.0,0.3184184564440462,45.03302107053012,74.66050421303125,0.4602444984158528,0.3826546711844083,1.0,2.2939598361139364,2.797587790394486,0.8309936684240001,11.110852248659036,0.8606260233738954,4.376127842257634e-06,0.0008272320466741932,0.0,0.0,0.005825825177026184,0.01961414658121031,0.0,0.2224515799996388,0.419312359145173,0.40943173535646427,30.565684987006833,0.6889856831844954,0.7865995666402996,0.9390169444043504,-2.576081751591347,0.9303911272493421,0.5712769000790907,0.9015130455503582,0.8637705128792603,0.0,75.93578054249828,1.0,0.6492046292845814,0.0,Pathogenic,CFTR,AATGTAAGTAT,MNKWMPKHNWE
VAR_003803,,2.0,1.0,73.87691584609561,0.6355888079876462,,0.1282314785414856,0.0,1.1825469003954046,8.5872020283518,2.4644290738401824,0.2831981980072022,0.5843633602213962,0.0,4.4439465932799855,-0.459798391001375,0.22023510649178157,2.503321265509128,0.7445160888230697,0.0,0.016664765957278713,0.0,0.0,0.007176927882910358,0.00027888057011619634,0.0017088357584460652,0.6944614523205267,0.13210303316546343,0.17625776349896977,3.4395718368325072,0.014095756751927783,0.036300406766691926,0.1486649580444757,0.7141402677006428,0.22429741660380573,-0.17535217713922852,0.32877709218501094,,0.0,644.882394875558,1.0,0.01001692551606732,0.0,Benign,CFTR,GTCCTTTTCCC,QLKQFTRGAHL
VAR_003804,2.0,3.0,1.0,137.39314362738318,0.36968438644944845,0.0,,0.0,1.6894777294662249,41.36061216221003,23.399249258478754,0.7140604429933499,0.20139009147021003,1.0,3.234564813376622,0.7580679670150294,0.97027152583283,7.148552904266172,0.5845710857003654,0.04080054587439623,0.03146789404334692,0.035276465217261625,0.04476271872120731,0.03042453527220391,0.05392062802875487,0.037751345915358156,0.37883725521344236,0.7103362586649025,0.680232983340425,48.44428380715399,0.7082831637000765,0.7865434190630024,0.8140751706057912,-3.7973871497524936,0.8832341571674712,0.8771524521388983,0.7477782097287585,0.2502858210170878,1.0,54.32353843233882,0.0,0.8197662070876993,0.0,Pathogenic,CFTR,CTGATAAGCAG,MMNQWHAQWAQ
VAR_003805,3.0,3.0,,58.61606634018072,0.2249188408735615,1.0,,1.0,2.2135229266185785,32.15381731483975,81.22395988872933,0.6784009540190075,0.1348283458175365,1.0,2.262616551990131,2.4300871141844143,0.7547320046719247,7.136739449513981,0.9115293134033555,0.014332415863663264,0.0019443610063417036,0.024008285211965553,0.008516854766687471,0.011127706820706101,0.012357949925006004,0.010160019283569851,0.1138349230444536,0.7814871640849816,0.7533891003312377,22.97163676590613,0.9253294546081385,0.6994396865741768,0.7473852629495977,-1.9631309190718818,0.9271353899079545,0.9122184630561023,0.8244318755834706,0.6380519875809113,1.0,1.6814095038659536,1.0,1.0,1.0,Pathogenic,CFTR,CTGCCCTTGTG,PLHACPCIYNC
VAR_003806,3.0,2.0,,42.937743132902675,0.4255846448337172,0.0,0.5503589619376967,0.0,1.676644855545828,24.07476003891002,36.706705370182355,0.08871823347514446,0.5114334463981876,0.0,2.1796381668206237,-3.973889304496101,0.3404146727165647,,0.2063515361699844,0.23245690428197463,0.22326298805432515,0.23832965406299358,0.22790603817167396,0.22449003712798837,0.24163580136910764,0.22894090744800538,0.8813633065460491,0.4329946401351107,0.38227086250163966,12.805851714505192,0.35841549131921263,,0.02707434431457056,0.3794945454184208,0.047884727023629316,-0.6392394653637555,0.20322064919131014,0.0010152491883026196,0.0,175.6121966158858,0.0,0.400128917386486,0.0,Benign,CFTR,GCGTACAGAGC,WYMAEMVVCAL
VAR_003807,1.0,3.0,1.0,187.06084900109335,0.6299132706176116,0.0,0.3848535926742317,2.0,0.8764439210978239,26.008799985784965,53.4793331792452,,0.4767285558776052,0.0,6.849487322381079,4.493125625613862,0.8482008359570113,,0.6619700857484837,0.03928163733609005,0.053546886236323414,0.02498971588177854,0.03080095546969772,0.024703823447964228,0.019172204686109966,0.04562492128311943,0.19651229243104806,0.6167103247502511,0.7449032599613028,28.301152647631934,0.6459492929374354,0.6447561487177823,,,0.8891001178598333,0.7046535992637957,0.7590818253073642,0.6295539181756103,1.0,57.40134533151976,1.0,0.9498639713447932,1.0,Pathogenic,CFTR,CGTGCTGGTTC,HYYYEKEPSEV
VAR_003808,2.0,1.0,0.0,122.21009327824808,0.5022729711989459,1.0,0.1530921635826703,0.0,0.13388164452299275,0.6800288773785301,11.958998036476268,0.32107375360155666,,0.0,4.158197336164169,1.2208182325727583,0.2892075629005656,0.0,0.41791069424328137,,0.02335823074267453,0.0,0.0076627708908879304,0.007404860658578798,0.0,0.0,0.40219946104280924,0.13920933021810203,0.12635623331242335,8.65011339467591,0.0987409665441653,0.20360328216559279,0.011654334698506059,,0.4835888732470676,-0.29702886761232306,0.45331364729389056,0.084972532181599,0.0,141.9408516298081,0.0,0.2626629838150639,0.0,Benign,CFTR,CGGCCTTCTTG,QLRWVIMIPVE
VAR_003809,,2.0,1.0,0.0,0.876640273775776,0.0,0.2160316398644632,0.0,1.1314913379576819,12.294724114353642,17.84267425248939,0.45119161997596224,0.0,0.0,-1.7124285388437845,-3.3965455631158323,0.11311725509273038,0.0,0.10069741065795793,0.01736831306391346,,0.02736248673934054,0.001418056971713183,,0.014805182947706228,0.0232618535123641,0.6961084772432314,0.0325523876038079,0.007288617578773492,11.127302907550263,0.0742450319009759,0.43694482728823525,0.0403323779524642,4.839381436043248,0.021071712552279225,-0.545624767486374,0.4280340584127218,0.06350363490651299,0.0,499.05526387697444,0.0,0.016834600156811052,0.0,Benign,CFTR,CCCTGAACTGA,LLAWNGHAPIN
VAR_003810,1.0,0.0,2.0,122.7131118981835,0.4616616136976116,0.0,0.2908876846127812,0.0,1.0171862135891143,,13.962946972182305,0.24360083718497486,0.23575591734522994,0.0,5.349711596762491,-3.82502852229455,0.26832163523647157,2.041877001804813,0.4219229487739848,0.15469308323035888,0.15152061764134508,0.1703168226380462,0.17065325300093115,0.1450285252750986,0.15248278208077787,0.1483265764752025,0.5956858456476878,0.061730153399196006,0.0020107876962595916,12.18356463601058,0.2354918644129902,0.0,0.06063973307715794,-0.11678255173043262,,-0.7580437524879096,0.4535046024949437,0.021822771512314744,0.0,187.88661371774816,1.0,0.1267145965751951,1.0,Benign,CFTR,CTGACCGGTTC,IMMLDFIAQQY
VAR_003811,2.0,1.0,1.0,71.94655193052817,0.3755959857483027,0.0,0.8056887342539412,2.0,1.6152884445526106,8.872463809136448,96.0703478120734,0.5093602625615408,0.32343501432769983,1.0,8.734925674078074,5.054134618031164,0.8108956132533205,15.59783235396919,0.7825037766216322,0.0037138196364007326,0.0,0.0006412492924001124,0.02070529392187343,0.016244202569855655,0.0013981050244668276,0.0029125960858347793,0.37129846302717473,0.7769760715527277,0.7977432611708773,25.470346912342812,0.5691693384635885,0.6680661442880238,0.9811611499845903,-7.526595109798145,0.3027883681166529,0.48992952548804697,0.8305756478896454,0.6933763261374065,1.0,20.10966122689714,1.0,1.0,,Pathogenic,CFTR,TAAAGCTCGAA,GEIWMPCREWP
VAR_003812,3.0,1.0,1.0,90.19512984220304,0.34470184886861566,1.0,0.4870781009134982,2.0,0.7100787568369626,30.399111698079523,50.845135000296175,0.6558532818009005,0.18656854077525975,,5.8695822568259075,5.24553375608457,0.9184030252840644,12.738908168818,0.704676660946035,5.849983551147e-07,0.0,,0.0,,0.0,,0.5387056376938241,0.6712647717402421,,26.125384226800623,0.8932193131460217,0.6446735274551393,0.9052481006880672,-4.589984737756361,0.9075379564324418,0.2929106483961347,0.8982951387366012,0.6958347777319188,1.0,,1.0,1.0,1.0,Pathogenic,CFTR,CTGGAAAACTG,KVECEQYWKMF
VAR_003813,1.0,1.0,1.0,156.6935451521224,0.24915732974265078,0.0,,1.0,2.8519689647636324,8.793925301705695,86.03761685475123,1.0,0.38812437020109847,1.0,9.939686308247738,2.7109605973315913,0.9971085214475978,15.424184310848352,0.8716925029015984,1.6309288989915124e-05,0.0,0.010376767545665327,0.0,0.0,0.0,,0.21590152296852644,0.6255860977648517,0.673315525854306,36.034089603456074,0.9375001774318398,0.6059282913320786,0.8120825353843222,-1.6873403830638656,0.609596956211997,1.1510663490317636,0.6907439283526766,0.44984112951574456,1.0,28.717787786444028,1.0,0.8728025122051694,1.0,Pathogenic,CFTR,TACTCACTTCG,LNAWMKAQEQH
VAR_003814,2.0,0.0,1.0,99.03018598273992,0.4781005158980405,0.0,0.054758022611875186,0.0,0.31589566352213944,26.470349739016473,38.121006690976124,0.14535067176750313,0.20249508848202286,0.0,-0.08994362050715254,-2.4140441676204434,0.08703510148829668,4.819613843708096,0.1719612363331618,0.0,0.0,0.0,0.006207316091634305,0.009275328959058304,0.0,0.005575055452006981,0.732879054467863,,0.2539170268209149,,0.4177832396557718,0.25368871585454195,0.06510301682067078,-2.4994029290389714,0.20133342848039523,-0.3681300047759929,0.2765745144914274,0.3235850131506249,0.0,301.20962021256497,1.0,0.22551254810479138,0.0,Benign,CFTR,CAAGAACCTGG,VDWVGRHIHNR
VAR_003815,3.0,1.0,0.0,45.16276435903151,0.5363230003940259,0.0,0.1741591595384647,0.0,0.5619858244992708,6.817668645500579,25.16154971162638,0.2747399377459567,0.19578666906802888,0.0,2.398072356242223,0.1528759113778575,0.2206670514403271,1.5015750072720095,0.318258908687873,0.0,0.013075950319085736,0.010071712491986478,0.0061077953476642265,0.0064521024399082265,0.0,0.004456661240047444,0.516717090562791,0.5730432674071668,0.5614729592391344,9.795558022161932,0.10989662546292091,0.24118305885631328,0.05593998351402997,-0.30612936372124944,0.0023519837093939435,-0.7745430905165167,0.12786377231012613,,0.0,805.7279586936907,0.0,0.0,0.0,Benign,CFTR,AGTTAAGATAA,IAIVMIPWFVS
VAR_003816,1.0,0.0,1.0,178.05261186084545,0.5345343348405285,1.0,0.4579529389869942,1.0,3.540560060654132,21.08575633141649,49.75593977660392,0.45001465930668555,0.36456044648203345,1.0,4.632315690358628,2.666350680180269,0.516259462116397,8.389973590789312,,0.009131082155823724,0.0,0.009419941632655809,0.008713797862768298,0.018533747875746777,0.02941722332127259,0.0038334773345828337,0.10691282016136076,0.9159264188944874,0.8761101474706617,25.843179715435134,0.958628503780928,,0.49108663126473573,-4.1336451396917475,0.7868492807875136,0.7880322887265857,1.0,0.8159250284892571,1.0,3.1003771603265937,0.0,1.0,1.0,Pathogenic,CFTR,AGATCAGTGCT,PEHWSSNTRPY
VAR_003817,2.0,3.0,1.0,105.78405564682126,0.5903985217948055,1.0,0.9181189165023552,2.0,5.475822671640669,34.12701786172556,101.21895633766499,1.0,0.6299587281643595,0.0,4.091253960867688,4.160455341275378,0.33071368010171903,12.551079224817025,1.0,4.5300351149055767e-07,0.0,0.0022012723503640713,0.0032419251319064715,0.02469762582106404,0.008760535050105194,0.0040171339724973144,0.2275620131925441,0.6574259948365464,0.6956897789853996,44.51001191648748,0.5869577351802238,0.6630707906081228,,-1.8224483399282658,0.7822109433797103,0.7649759702715176,0.5530105561606488,0.6969524276261828,1.0,,1.0,0.8551698456466901,,Pathogenic,CFTR,GACGGACATCT,FDDPVDSIFSA
VAR_003818,3.0,1.0,1.0,31.89902466003796,,0.0,,0.0,1.6436183420460342,1.3941766623794838,13.384345156226885,0.15270593492862708,0.6018612923733031,0.0,2.1209148293344953,-1.1998089779382886,0.2812946889960121,2.609844115488265,0.37681232856031294,0.0,0.00046305197163006213,0.0,0.00470975588850621,0.006560749978620019,0.0,0.007837318027869281,0.43886289679487567,0.4043283107509499,0.3964440168027852,7.509825749880959,0.017903166804919268,0.21004426205417123,0.21655772138378473,,0.05906164607558287,-0.8606399722575477,,0.19347810508525629,0.0,212.78961158907504,0.0,0.5951630388622527,0.0,Benign,CFTR,CCACTACGCCG,AWKKITWTCGH
VAR_003819,1.0,0.0,1.0,0.0,0.6299706962090081,0.0,0.04145736422297515,0.0,0.14717577665700787,2.0491654449014787,81.6438743865698,0.0,0.0,0.0,1.5966263907146567,-3.4358100003237197,0.05841583106041329,0.0,0.2714662342216935,0.0,0.008819973771507644,0.009245564412233077,0.0,0.0,0.0,0.0,0.4721691056994751,0.4285824721502701,0.44192182053505125,2.592725023942692,0.41410312538293587,0.02684143458474247,0.25920973673305486,-0.889334579318888,0.1530894116654657,-0.0765072853314926,0.22379059206390772,0.19514108887208342,0.0,202.89629066803613,0.0,0.4340643173520769,0.0,Benign,CFTR,GAAAAAGGCGT,WGPTMKGMTTW
VAR_003820,2.0,3.0,1.0,55.182149647342186,0.49594631552250196,0.0,0.3701281684102574,1.0,0.1039452735481069,25.076118703335023,53.829926884242454,0.9462846924097168,0.8207204390639186,1.0,6.786222525505538,2.382431995156967,0.47410982013462744,10.552670343862617,0.7773803850533243,0.0,0.0,0.0,0.005692268479231344,0.0,0.0064875709963964035,0.0024382028067711117,0.10367629765382935,0.6282599575260452,0.6053493832708509,32.29042975163645,0.9294880932184134,,0.8654772579942889,-3.905585427109535,0.8853845788031394,1.2032212983066217,0.5702666679234039,0.3251472026251759,1.0,0.769725025192337,1.0,0.7177946927035929,0.0,Pathogenic,CFTR,GAAAACCCTCC,GVRDVHAGCGE
VAR_003821,2.0,1.0,0.0,107.65307212765535,0.3741055296530203,0.0,0.09065363434447264,1.0,1.6064592778652054,9.354717137376129,8.087481611573786,0.0,0.0,1.0,4.166727421479397,0.8638581103859859,0.2873219022287386,8.845293967409622,0.08076932361027149,0.0,0.0,0.011461676606579608,0.009181606603484759,0.0,0.0,0.0028648939435564854,0.48078760503574136,0.26232064166724867,0.253390531608042,8.915909593656304,0.3203377131931958,,,-2.381371459019065,0.46209594420388,-0.5588394214344705,0.19324160497817316,0.0751108362876942,1.0,30.563846697846948,0.0,0.3099482304996793,0.0,Benign,CFTR,GCCGTTAGTCG,VNVHGDMQPSE
VAR_003822,0.0,1.0,1.0,126.34948238975048,0.6621859818686632,0.0,0.33482213725465904,2.0,1.377409273735136,20.05490860714884,,0.6795733943673415,0.20813328475311582,0.0,5.02671193428075,2.5415314850588913,0.6204507185114904,13.558790838385118,1.0,0.002742341645770787,0.012464710186470896,0.0,0.0,0.0,0.0,0.001731373470975222,0.14485840606965622,0.618387624326342,0.613896925928078,25.735057260185314,0.6784895669796068,0.53012517411676,0.6259341665082169,,0.9122991802196273,0.9170855261656529,0.7045566504904788,0.7700421887228672,1.0,18.696560233398344,1.0,0.7695078258176974,1.0,Pathogenic,CFTR,GCCGATTTGGG,HSFYPNKGAGC
VAR_003823,2.0,2.0,1.0,184.96747915482894,0.5746646631655831,0.0,0.6312584652241204,0.0,4.291593867009132,6.247754781350969,85.15962597442416,0.774278351560143,0.4808389314444779,0.0,8.06598604339232,2.699937504168445,0.9619554600139689,14.733315957508538,0.6598910102097775,,0.0,0.0,0.003678971621060454,0.019829695102609853,0.004439363495776982,0.018958370726339796,0.4384064871382115,0.9799337023400181,1.0,29.83917595876319,0.5272791734531449,0.6855401394266265,0.8750745615712189,-3.695792408886537,0.4200130012514921,0.9125447105266761,0.3996356096885181,,1.0,7.333420051928437,0.0,1.0,1.0,Pathogenic,CFTR,GTGGTCAAACA,HYTFHCPGKKY
VAR_003824,2.0,,1.0,0.6184494576338107,0.4335506759728864,0.0,0.008760753156337512,0.0,1.464849586268862,4.0456276017350286,0.39815743780738266,0.015285326449539706,0.13018654569539323,0.0,-0.8786785669660515,-2.729194695028138,0.3263150959837905,4.909093526105472,0.3826732644970637,0.10509888328649294,0.10753609973841381,0.10103963048013465,0.10639116879194888,0.09600712945416053,0.1077920643765574,0.099686484212397,0.45543356031567117,0.1527041022048794,0.1446166810689061,2.158455259101993,0.44467584965828183,,0.6265235909860408,1.012480265637607,0.09640585120562366,-0.7307366356266765,0.0,0.34558800984656013,0.0,463.00706095294044,0.0,0.23124831579234545,1.0,Benign,CFTR,CACTATTAATC,VAMCGWQEARE
VAR_003825,0.0,1.0,0.0,135.62617025106542,0.8645382140026342,0.0,0.9101402807391332,2.0,4.29709060827669,27.66260306970648,111.00837838664934,0.47341112716517647,0.6673296757428943,1.0,7.32120226119853,4.841323845678901,0.4663433848460519,19.015676471430798,0.7683733925340521,2.6965392663087977e-12,,0.010554162527130482,0.0,0.008933775401776572,0.0,,0.0452428412384623,0.7468816770870946,0.7301641678688252,33.52260506210243,0.707918113292464,,0.8331957688677133,-2.1563253402672133,0.6520217105390299,1.22087213193776,0.96044822791627,0.3841836036010946,1.0,19.992486010614797,1.0,1.0,1.0,Pathogenic,CFTR,CCAGGTTACGC,TNNIYCKERCN
VAR_003826,3.0,1.0,1.0,0.0,0.3245939468110742,0.0,0.007680624235094544,1.0,1.035541444978134,1.9674749861380147,29.191216066226538,0.29976123783215985,0.03646767992830377,0.0,-4.603661676104694,-0.7459470758755559,0.24147543468087565,,0.2794707421045086,0.0,0.009958482026955599,0.00045457367405063237,0.0039008424315647174,0.0,0.0021197618140917744,0.0,0.9035126981368499,,0.35358031665574274,14.687469239835192,0.3558109926677221,0.13889236722873757,0.10255404367819013,1.5610815374347318,0.1200113063778688,,0.4543522305398191,,0.0,206.57151263938962,0.0,0.18879894534897082,1.0,Benign,CFTR,ATATAATGATA,NKHWIKGDNRW
VAR_003827,3.0,0.0,1.0,7.4211513877812525,0.5409418536709305,0.0,0.025554449088766668,2.0,2.0336529527610834,10.871537850638695,4.3387621090036275,0.0793976758415219,0.0,0.0,-0.3976541913353566,1.5028908509089294,0.3142814881053313,3.5691658046631125,0.21041902943075286,0.09270575117464777,0.09803207471054033,0.08308753431849654,0.09373343296822607,0.0976156828983845,,0.09632480935954035,0.6833802798922753,0.558091832429923,0.5436657557877295,8.476382399764777,0.049083875525480374,0.34790762747649095,0.35760436646792343,,0.03943608455560816,-0.21226481891465285,0.0,0.08465691871422344,0.0,297.4515809165652,1.0,0.3798718742341021,0.0,Benign,CFTR,CAAATATTGTT,MNHWRPWRWSR
VAR_003828,3.0,2.0,2.0,100.38607853196,0.5134233199821776,1.0,0.5983727349430333,0.0,2.204913028888772,2.4861958492384906,90.15676006754347,0.5148136963516724,0.6753491271168889,1.0,5.618548808159989,6.500895231491947,0.8396179836948704,15.738585541361836,0.592860397765491,1.3789739345491932e-08,0.0,0.0,0.0009791171433464895,0.004258145676499964,0.009310086201009014,0.004102981444290423,,0.7796606562419389,0.7138232372230109,23.418730876711873,0.383922643732441,0.770738844408547,0.6254831483435065,-5.221225676713331,0.9101361749944513,0.8102054583849423,0.5380967314470517,,1.0,,1.0,0.9951820785597538,1.0,Pathogenic,CFTR,TATGCGATGCG,PVDYMPEDMIQ
VAR_003829,3.0,2.0,1.0,60.75584405383622,0.5299220689474748,0.0,0.7886727140349249,1.0,0.35412413603598936,34.309380002308444,91.77743563690032,0.5618770502851773,0.5810200168141187,1.0,4.67339247199618,2.1193929950064017,0.6582808477620875,14.985750484542452,,0.0022505610585944187,0.002347606140722305,0.0006738111859701463,0.0,0.0,0.0,0.002362771778014633,0.296206687002332,0.941625939247239,0.936304796181404,26.248559533431074,0.8816076564059155,0.717045491640711,0.9213008070837052,-1.399846924342361,0.8552462461569302,0.3640654985646471,0.9245947444199537,0.7556215397658139,1.0,48.19055139812874,1.0,0.5072327943621464,0.0,Pathogenic,CFTR,ACCTCCAAACA,SIKFDPMGLTS
VAR_003830,1.0,0.0,2.0,111.71791251082178,0.3888286631929265,1.0,0.815623878944341,2.0,1.7045590728903859,50.353197771687114,52.4730984342639,,1.0,1.0,2.2500056599681226,3.895100153463912,0.9157697373865218,,0.7678485630681952,0.0007201087153120541,0.00372397072297207,0.0,0.009499415656827007,0.001404070938843191,0.013747580649500012,0.006805980053080598,0.08712418390244246,0.460039933628015,0.4459108047517106,30.436558371386763,0.5517412099529196,0.5293997448419999,,-2.03413819700667,0.9898943350635357,0.7244523102261123,0.5122971300987034,0.8307086707913641,1.0,82.44119083660938,1.0,0.838152426397192,0.0,Pathogenic,CFTR,GTTTTTTTTAC,PINCVRAIIIV
VAR_003831,2.0,1.0,1.0,13.119773268036925,0.42828962556994676,0.0,0.03718747692248254,1.0,0.10187395666812116,46.60937771013106,52.14576509373574,0.12162504558371733,0.21578221619478719,0.0,2.155385558874415,0.3227630650445863,0.1777557772533208,9.05175468663155,0.4432983523993528,0.03122119100526821,0.015783545561470956,0.04162234047941325,0.02828576642205733,0.03468477619340386,0.02462054610374096,0.021974724013107252,0.699634431329943,0.04267324098988287,0.06708020752153994,11.843747562329998,0.027221265933525658,0.5312824926610049,0.23761560009036253,-1.2427603037212498,0.13169123202260666,-1.0105118701631557,0.0,0.3486785195897893,0.0,30.92559984129164,0.0,0.058663584348632364,0.0,Benign,CFTR,TCTCACACCGC,ASHYFIKKWMH
VAR_003832,2.0,2.0,0.0,73.50994482467493,0.6003125838683497,0.0,0.14911284974245834,0.0,1.8200239228685664,27.20165535419849,6.734227938145436,0.278821279883201,0.4214195181203256,0.0,2.022810139523151,-2.9580314287524865,0.21272855334329413,5.817732470950865,0.2898451239571953,0.0,0.0,0.015248037159974361,0.014310818487428035,0.0,0.0,0.0,0.8871070651961045,0.3786100277995376,0.3088016138752122,3.115643308444176,0.14608013852876728,0.32750431399873337,0.29535525526593953,1.78047113600021,0.04951672113991046,-0.3862645971190023,0.3221767655414778,0.31956922432249757,0.0,39.263006252683375,0.0,0.13726844635126786,0.0,Benign,CFTR,TTACATTCGAC,SGDFQSPTEYL
VAR_003833,0.0,0.0,1.0,83.43386130133123,0.5092190193162095,0.0,0.1438852703929283,0.0,1.8602394614742395,13.630508734119571,4.658212836593639,0.7392394213099102,0.0,0.0,0.6826773213444228,-1.135649993190822,0.15711823060409277,2.9405573349318788,0.2818258362356441,0.5564296751844615,0.5467691642684082,0.5703942113746858,0.5752947610066369,0.5527156423191915,0.5551908465439263,0.5510524337006781,0.8288315728422412,0.32375561858116986,0.3464674309131168,12.853916769127915,0.004780995156432717,0.35920468535100725,0.2559206328561044,5.700913536448272,0.1457211227345278,-0.7042196269886507,0.6224864684616652,0.5301126929044332,0.0,567.9047053091098,1.0,0.3244086897190766,0.0,Benign,CFTR,TCCCCGGGGTA,APNSCECYGAI
VAR_003834,3.0,1.0,1.0,91.20478396660303,0.7113063403637168,0.0,0.7161488057606381,2.0,4.108891570409014,44.50920437345616,52.016672168021096,0.7882680253794321,0.496166874650361,1.0,4.066365281965566,2.2637737217814635,0.32379521767683495,16.022987395248794,1.0,1.409181023025415e-08,0.011838409957590003,0.0,0.0,0.0,0.006331237216373648,0.0044383342218744775,0.3894670818484901,0.8051639639425903,0.8032121074325583,27.515779937559874,0.6459726462165089,0.6138433697008719,0.886340274567079,-0.45371344803490876,0.5964979623999627,0.8004951569245624,0.8579690596851769,,1.0,25.869851208061696,1.0,0.42642450841033336,0.0,Pathogenic,CFTR,TCCTAGTGGGA,GKGSNMVNWCV
VAR_003835,2.0,2.0,2.0,175.2557455156896,0.45248780585297843,0.0,0.6698606635118276,0.0,1.1103706982953871,15.7259431497046,8.981487275391004,0.6280028019996827,,0.0,5.815971442920695,5.893486824611905,0.7119879515530244,10.620386618168437,0.9445579369164482,0.046098509741931734,0.04663775364243161,0.041381765646572144,0.05059682463503498,0.0360348141599451,0.05289524839515212,,0.4205962057005263,0.7450925884044569,0.7156961702641228,23.468642347297468,0.9106749723758457,0.35824800239494353,0.5252818909309054,,0.911590311578002,0.6077010578344936,0.7044686138725786,0.6885054837035526,,40.26798139969285,1.0,0.6283427472143135,1.0,Pathogenic,CFTR,CGTCGACGAGT,LFCCLCEKFGY
VAR_003836,2.0,3.0,1.0,0.0,0.5285205642027018,0.0,0.3107744829137177,1.0,2.461796586062899,20.09481851364601,5.24421676516127,0.48886506390382667,0.08890401157190818,0.0,0.5080818323039497,0.20846571178522,0.12613945388255413,1.1347967505411145,0.21556718506786918,0.0,0.0,0.0,0.0,,0.0,0.0,0.9898622149378029,0.22802331872596523,0.3005385533914207,10.874529286158037,0.11955205094145448,0.23325406423583583,0.448692428884839,0.39133329577521553,0.10509142328267392,-0.67799079033397,0.010761145083795599,0.20523850698690477,1.0,60.474619477882015,0.0,0.049382370465158684,0.0,Benign,CFTR,GTGGAAGCCCG,EHWKGCSVDNK
VAR_003837,1.0,2.0,0.0,28.670039947529776,,0.0,0.06583296664869444,1.0,0.12286958931185421,4.230945522009546,30.578745925071793,0.0,,1.0,1.2076867285682689,,0.05486573560695645,5.821850196764569,0.23188637550125593,0.3685103145848725,0.3806949238746728,0.37723565945871523,0.3585515117021217,0.38223074619563463,0.3598984707795894,0.36502752204407085,0.4666673106972757,0.14401113762079076,0.10438196180888434,8.731320562678912,0.20110484500852546,0.24223389604024356,0.0302030696214849,0.2645335098549876,0.12105253945589992,-0.8951987057180096,0.16805685736303846,0.05126167765967916,0.0,425.75994597337683,0.0,0.23074858474132642,1.0,Benign,CFTR,AAGGTCGTATT,PCKDHIPSCYG
VAR_003838,1.0,1.0,1.0,143.41752836197367,0.6842697582363156,0.0,0.09448862063572387,2.0,1.4929831147141754,40.568234768436795,23.802617920163765,0.7694548449953866,0.6209666725133633,1.0,5.624709629371963,-0.07409325776239539,0.7217582017618479,13.540324007390126,0.6971281155934427,0.07929642590122762,0.07957764519992994,0.06815275690250894,0.09493796070641065,0.06860487239822552,0.09370604473026527,0.07164806953860034,0.09619543548389368,0.38356593865337046,0.3765169692439735,27.650001719564443,0.7889478584333065,0.6015338649191676,0.6516241825863563,-7.5861456257175215,0.8674765831175918,-0.029646744424810297,0.8681887160308861,0.2066596349411202,,35.46514870054674,1.0,0.9250598313764395,1.0,Pathogenic,CFTR,AATGGTTAAGG,TMIIKVWTGYS
VAR_003839,3.0,0.0,1.0,21.608858649431344,0.7225135893289378,0.0,0.5723774304752334,2.0,2.8527792459977683,33.90657268284431,54.20296759775547,0.46057463650058567,0.3301660196987281,1.0,5.7195361067859345,4.879697047267841,0.8824761610235157,12.310119694544017,0.6808641948401819,4.1620870797191166e-07,0.0,0.0007406075092977046,0.0007804271474906965,0.0,0.003024625224549113,0.006431283300337992,0.03460702345815367,0.7621409161102465,0.7236586318615778,32.916242167192976,0.7857880636617378,0.7194532709971566,0.23800505413876627,,0.9250783330387976,0.39802214870288943,0.7950038606136273,0.4925029983364004,1.0,17.570792188220967,1.0,0.8480384337548155,0.0,Pathogenic,CFTR,CGCATTATGCA,VMPFFARTGRC
VAR_003840,1.0,0.0,1.0,132.0270350541502,0.8109530026087101,1.0,0.24997013560582507,2.0,3.807066240909854,51.421093629978465,94.60909143315054,0.5036796813945655,0.6617775065224237,1.0,,3.634745908062841,0.8123073157726758,14.196158962009049,0.6986002494707382,,0.0,0.010177995578567241,0.005495867702567971,0.0,0.009682432467420244,0.00043923491887684,0.2518203065159871,0.5603631434305765,0.5808552588977587,27.42959928101675,0.608265013336944,0.6876010050204475,0.6065649158817342,-6.7918138650298285,0.9818407037251264,1.2844085409786896,1.0,0.5222419164568537,1.0,38.1541485813291,0.0,0.7288737214836822,1.0,Pathogenic,CFTR,GCATAACATGC,RQTTDTFPQTI
VAR_003841,2.0,2.0,1.0,171.40265540267745,0.40092596029405,0.0,0.7215738632580755,,1.4678903221431052,16.064689969336065,17.405628981070947,0.6336794700815279,0.562681593317272,1.0,7.628827209311005,5.351833698695771,0.5734378454797936,15.319112648849002,0.8385896537951264,2.4630386996968105e-12,0.007220116967357646,0.0,0.0,0.007438115640961371,0.002185787444683875,0.0039176523896038064,0.12540154088137132,0.4875904066757508,0.5000676752186054,16.81366054473706,0.7025687613702085,0.8570952875826202,0.8792398496068476,-0.29710518727439217,0.9085054716857354,0.9430440032542683,0.8844826214791525,0.8514385561692442,1.0,0.13346386996956477,0.0,0.5227556485383144,1.0,Pathogenic,CFTR,GTTCATCGCAT,FNNAMRQMGNA
VAR_003842,2.0,1.0,2.0,105.1038308425291,0.6224607691720575,1.0,0.7251039268469361,2.0,2.9833075595777325,29.58002215258215,106.04730955451214,0.9136236171225308,0.4009080960985034,1.0,6.1890889364320225,6.618420628813401,0.9379653716435172,6.687660042507851,0.7020918558118341,5.650640332388146e-05,0.0029693558033343304,0.0034561318420453045,0.0,0.0,0.0,0.004968985205063677,0.1013444616138618,0.5563312673591766,0.4888032619752313,29.499377784452374,0.7357577193300543,0.5407453777098349,0.9053377856858594,-3.201159057013362,0.5476414593749093,0.6270994163972708,0.8900513188294049,0.5193261521419174,0.0,11.46642145961469,1.0,0.7051312711343851,1.0,Pathogenic,CFTR,CCACCAGAGGG,FRQYIDSQHPD
VAR_003843,0.0,2.0,1.0,115.74071794333143,0.5193390245912978,1.0,0.6681815716888618,0.0,5.05906841958303,48.112025617698905,74.88752150846787,0.5188055468113062,,1.0,6.08756242214398,4.769565242233675,,14.288544618235946,0.9243424177229079,5.010644845500061e-07,0.0,0.0,0.0,0.0,0.0,0.0007665930785651777,0.38272613195203314,0.8581412644293464,0.8767962848427301,25.005852495653265,0.9889950639774908,0.5222007171194128,0.7741063174787502,-5.242809852088119,0.9420154989162356,1.076312583668812,0.5518689306474803,0.5999839818798086,0.0,24.03511576980356,,0.9585461143913673,1.0,Pathogenic,CFTR,AGGGCCAGACC,QLKMQVQWFAN
VAR_003844,1.0,2.0,1.0,0.0,0.6212810017295265,0.0,0.11713861505688743,1.0,0.10795645787896929,16.60277815945077,22.232438874727183,0.4498519909999011,0.026813393876346653,0.0,3.03874900670061,-0.6780623559990059,0.1894877143878648,1.789968804880596,0.08208790145920733,0.6208168110261684,0.6151633818602597,0.61160696399706,0.6206146629513712,0.6226438476524938,0.6212360682241399,0.6236299627511099,0.6956812835114901,0.20508574464416873,0.20182348456578555,6.885136422923004,0.4215608430062701,0.4426447054225785,0.2461691574392504,2.1851487253082045,0.24135660414894508,-0.732527498520106,0.0,0.04509383402261062,0.0,,0.0,0.43708571429223686,0.0,Benign,CFTR,TCCTATAGATT,IQMGGDDMLCG
VAR_003845,2.0,3.0,2.0,22.6240033055439,0.39929532102274434,0.0,0.16344027939814487,1.0,2.7512513228763633,11.1216247204507,28.87056912460927,0.31153605560097103,1.0,0.0,-0.4254673126176387,-2.887952083680916,0.1013819599985711,5.678362538598472,0.1581308151133058,0.0,0.0,0.0,0.010034034304650297,0.0,0.01129219741125685,0.006911632266042665,0.7945038526722041,0.26234314202506237,0.2592303395541634,4.974172601508275,0.25862681072991095,0.2279253972984541,0.12957194547984643,1.0204040624011141,0.45925923950530856,-0.04610636018387095,0.3873130574976386,0.011119364264837565,0.0,844.5292070248654,1.0,0.36563180496938763,0.0,Benign,CFTR,TCCCCACTCTC,CDMLKVSEWGR
VAR_003846,3.0,0.0,0.0,0.0,0.5531288615142137,,0.23016629156337545,0.0,0.2771744490576103,26.5049805788373,27.40278560019046,0.18677244943585677,0.18541196617554329,0.0,2.2163176437118786,2.9514612111426586,0.07604272507751063,3.3403131546498486,0.7497087844481785,0.35642305383149925,0.35992357974724576,0.3471003055122053,0.36647345821605704,0.3384425893190409,0.35158288404710125,0.36554329182747775,0.49882230018016677,,0.3584624310251605,4.910072646184383,0.1380210218790281,0.22178267881627695,0.002517441531716577,-0.9705412394947133,0.08975772165484415,-0.633337532817138,0.2807988594319174,,0.0,112.49281381337823,,0.41305002297668,1.0,Benign,CFTR,CATCTCTTAGA,DYMGDVIMQQA
VAR_003847,1.0,1.0,1.0,166.50712451357398,0.6520746929180173,1.0,0.5003149362746364,0.0,0.24814816620787628,10.62720184178721,120.13672993168852,,0.42193145007014937,1.0,5.65872586033403,5.769867128146592,0.5715567845120963,10.244008120657616,0.6625056584934336,0.0001756669203535439,0.007399249032556409,0.0,0.0,0.004885599825297351,0.010473733267250101,0.007557212024049831,0.20260080681468756,0.43022801117795834,0.4551164157288636,26.26296515095726,0.5158094886275406,0.49080562245517545,0.7790857785065591,-6.01441885622544,0.925119730501299,0.15434996758342215,0.6382463241438493,0.44197914255985304,1.0,28.769971001583656,1.0,1.0,1.0,Pathogenic,CFTR,CCAGAGCGAGC,RYHWMADVFYD
VAR_003848,3.0,3.0,1.0,58.56328258123115,0.91719392711486,0.0,0.44671597502971633,2.0,1.4998230608471268,11.06528812681737,33.05667991327646,0.5430004935157946,,1.0,7.156420417895548,5.628858553689121,0.7474578983328197,13.76353715960326,0.5810630827775645,0.054245846222862895,0.04521537832305027,0.03400502381329716,0.05748710547073762,0.05600382379752554,0.06026561195858794,0.05170085851619622,0.4692541027122549,0.6598317645533921,0.6469550321463772,40.25926912254419,0.7735288831329341,0.8221665210447868,0.7893486700197281,-1.47867021940547,0.9298564492878906,1.100864358578883,0.4967665265706933,0.856503054235764,1.0,51.60912879446753,1.0,0.6629345840809341,1.0,Pathogenic,CFTR,GCTCCGACCCC,LVKDMMEKIHT
VAR_003849,,0.0,0.0,,0.42268304101614,1.0,0.9300326805105145,,4.678520806788544,10.766639081587375,23.488665983467016,0.3272935880124417,0.2611638531829245,1.0,3.4662282360969146,-2.056638652694054,0.5626105730182365,12.941787144780035,0.8779897809434956,0.15790421126891313,0.17020115506519323,0.14709899624658498,0.1540626184779302,0.16492232923161898,0.14810008664092986,0.15301990659101505,0.062053136184598616,0.907536595081581,1.0,40.526739351307796,0.48210226164328496,0.525578874375303,0.9404392759629882,-2.6446735964575314,0.9327649505387483,0.0871253289775309,0.7159552996255689,0.7408624914339185,1.0,,,1.0,0.0,Pathogenic,CFTR,AGACAGACCAT,PMKVSTRMEGL
VAR_003850,1.0,0.0,2.0,57.79571055409662,0.40878320699125903,0.0,0.14517989575346252,0.0,,7.944473181988347,14.154752216333026,0.3069975234095837,0.5122951146842517,0.0,-1.791917359948129,-0.03686001223963614,0.30194016823487346,7.6605457349492525,0.35772425041979505,0.0,0.01788488167128222,0.0,0.012333346230018116,0.003079412679909162,0.00410633128093897,0.0,0.7566884787353374,0.3146790390687233,0.3698014847251999,13.640525996792018,0.2093579228563798,0.43062039489976944,0.32490563943722567,,0.056783870492804284,-0.7085422085260796,0.16264873814249686,0.020277198641154896,0.0,2133.045265485145,0.0,0.2546619142657038,0.0,Benign,CFTR,TTCCTTGCAAC,EWWKRDQAMYS
VAR_003851,0.0,3.0,1.0,135.10876537094137,0.5752579460561897,0.0,0.2317087549505514,2.0,0.18005099015851922,35.4123743259247,30.371423221275414,0.46083623762490183,0.6242466008733316,1.0,3.3281792612419685,3.2909362853929327,0.9612478995158366,16.80621789903464,1.0,0.005238061679342274,0.017542644044147276,0.003988669074019241,0.03363303394348491,0.0,0.003334054575291217,0.005490574661323841,0.3494812715730782,0.5291164401074582,0.45429384658691324,11.266729522311191,0.6119630564212184,,0.9072933376158677,-5.74006703674687,0.9486888673157643,0.9379196327672163,0.9230524354705703,,1.0,69.1042979205815,1.0,0.7941940754155443,1.0,Pathogenic,CFTR,AACTCACATGA,TMWGPVWAPDR
VAR_003852,3.0,1.0,1.0,78.50396596292975,0.5925886828187674,0.0,0.9155224334074632,1.0,0.9634639188117399,9.746794142447438,78.64860833447283,0.7912682989583865,0.5655964369174272,0.0,4.664507529267075,4.23901413848136,0.6267526029767765,11.463274758602939,0.9289360193495234,0.00040536052197343817,0.015097245015931402,0.0017977250033050078,0.0,0.011314444558130575,0.033307451646630896,0.0,0.29559187058334263,0.5777405503514795,0.624887405975696,40.92988524662874,0.964903995002236,0.7008252744349932,0.9684770507462053,,0.8017033690135932,0.3524854754700988,0.8112625091754799,0.8368638351349958,0.0,5.852520006150695,1.0,0.8130795298431561,1.0,Pathogenic,CFTR,AGCAGGAAGTA,NCNGCIRNKPN
VAR_003853,3.0,2.0,0.0,38.332711534155095,0.3363609539037939,0.0,0.14265241679131319,0.0,2.7868912326152944,28.69908847303567,8.55249122900011,0.056317609640327775,0.20900956950859378,0.0,1.6174496475029452,-0.5978641073762729,0.05159364819319908,4.869289768031926,0.4310985803737157,0.05305992885770958,0.06309333996750373,0.056309921117293604,0.05196642299799665,0.07123719812961547,0.053138988433576215,0.056340962082215056,0.7593631291665525,0.161435044814829,0.15754237099122398,4.033803404011607,0.34987134632903627,,0.19186082374244418,0.506964529903476,0.09404457770344193,-0.2446970914976378,0.05267602754845666,0.020796269195565483,0.0,1081.7994818743111,0.0,0.34427551451957866,0.0,Benign,CFTR,TGCTGGACACC,GMQLQNRNHIC
VAR_003854,1.0,1.0,1.0,47.191142420058846,0.4378215062397301,0.0,0.15262676057069557,1.0,2.9409862424277433,5.83730072087157,15.86662853146027,0.1419324165697882,0.06453937227076462,0.0,-1.5082442360736847,-0.6818449602331622,0.09784332258520587,2.8738210013436283,0.05073285260782392,0.030554871307195756,0.02210249536945007,0.032279193022384155,0.019135129511736283,0.0010828285565607186,0.029725855000271723,0.031133274836212328,0.571751641920718,0.2419754912388136,0.20964891406121233,8.07840197277956,0.21399949695049786,,0.5923171312403264,1.256627630817104,0.012136708270269548,-0.7991308383368365,0.388976481127605,0.0008855247967092226,0.0,17.907666106494073,1.0,0.2769919668064509,1.0,Benign,CFTR,ACGTATAGGCC,TQVAFACQFMD
VAR_003855,0.0,1.0,2.0,99.9393717541742,0.5529297414656865,0.0,0.4923642318486476,0.0,0.6999630256905877,21.967387180415898,20.448445589831802,0.3480053387583449,0.2071165873784778,,3.9190267962508116,0.23385332252589408,0.25938536175653937,0.8467267661315185,0.3802209085184446,0.0,0.021889138300416684,0.0,0.0,0.0,0.0,0.0,0.7927557023324585,0.054612501918689334,0.0560715412560178,8.280340724010918,0.05167727352247634,0.24807708569175316,0.032625598096726265,-1.7876856038681033,0.07171887239978231,-0.6424374889470504,0.3425391399316708,0.4071286070764367,0.0,1507.602017012896,0.0,0.13890481298204924,0.0,Benign,CFTR,TCTAATTTGAG,SYNYNLFNPNL
VAR_003856,2.0,1.0,2.0,130.35617169330195,0.48487285874640496,1.0,0.6201502484161193,1.0,1.7173132960373716,7.361522321714333,32.142596540795125,0.6449157672216186,0.42947916451801127,1.0,1.782805896400916,3.6797788421738775,0.8907420421019188,7.206144708965384,1.0,0.017765618976753137,0.019697756022006088,0.00758786972678205,0.005466011047123862,0.0,0.01905484628291792,0.031544073277036996,0.11782831229679562,0.7999424576302099,0.8705507857592685,,0.461838842538405,0.7217634507573432,0.5921969475463966,-2.5487714110693585,0.8732659357721181,1.1093446925042254,0.700275711266788,0.8441206327758096,1.0,196.41977667989033,1.0,0.7993524757001714,1.0,Pathogenic,CFTR,ACTGTCGAGAC,LDARMTDTTLA
VAR_003857,3.0,3.0,1.0,147.7672217294021,0.19352821055424896,1.0,0.7582473858709087,2.0,1.9146912209928537,8.931078688641376,145.02061263766348,1.0,1.0,1.0,5.71268664451849,4.363710111441431,0.6750892626663878,17.31048047480433,0.5563769948810721,7.493667718307837e-05,0.00477196659253262,0.0,0.0,0.0047662585644929634,0.0,0.007902636891442216,0.14557078543081192,0.5383808767106543,0.6048861808237207,34.642723321646216,0.8007870506626612,0.5372878491872028,0.45264643831118195,-3.0855054376229547,0.7063437076037937,0.3378858822982556,0.7915679516793969,0.8753151790688305,1.0,10.971264918262955,1.0,0.877726466996047,1.0,Pathogenic,CFTR,CTGGTGTATCA,DVTVMELTTHV
VAR_003858,3.0,0.0,1.0,115.2195223211234,0.28181934053765395,1.0,0.06589400987015398,2.0,3.252832155719001,44.94814396680614,49.59292010868261,0.06272827076791454,0.4580734705252125,0.0,1.4701103820512162,1.0542891134277648,0.046092696484672624,4.61545455405355,0.16737885072786826,0.22683181688180226,0.22422293505880486,0.22233699970714596,0.21103782584084047,0.2239685008136685,0.23574796413878285,0.23137714406463059,0.8444552355628753,0.1402195414144292,0.04062263778180915,9.570753330593977,0.03683178553556851,,0.08967812627438979,2.245617461958104,0.22808444755930737,-0.22891077386339947,0.31520595228746573,0.018493617065999505,0.0,1292.5742054436564,1.0,0.3358594230780913,1.0,Benign,CFTR,CTGCGGAGGAG,WWLPGSHHMCR
VAR_003859,0.0,2.0,1.0,52.31425227339513,0.7496937716208997,0.0,0.11771913277900917,0.0,3.756674686582149,20.535560912284456,32.12852322800178,0.08273189573131697,0.6779931703559883,0.0,4.835283892278326,-2.5969071300344915,0.2056266074286018,0.25477261720974465,0.4060251564171774,0.0,0.0005977564598673253,0.02155623180736535,0.002605856304703377,0.0,0.01480373575478475,0.004837381700217339,,0.12499698063429004,0.17278357091664392,0.0,0.09518379658486119,0.0,0.05030617813654999,4.42361673673644,0.2027864648870547,-0.5571840065545169,0.19711594385267447,0.031014560800981313,0.0,892.7016062265634,0.0,0.4187492161835094,0.0,Benign,CFTR,ACAGGCGCAGT,KCMVAMYFINI
VAR_003860,1.0,0.0,1.0,163.37552774020372,0.42301949372492104,0.0,0.44775425813368314,,3.0323194039829295,30.522826512782267,94.30899735949173,0.5483525158889988,0.6034170594771803,0.0,3.112081784052313,3.4959213450248456,0.5448575282385965,10.096472892667663,0.42531376150308897,0.0006404173228832836,0.0,0.0,0.0011236997742622603,0.010431530859303274,0.0,0.010109568005328355,0.47150720312126265,0.48882761795581,0.48766731587967116,10.558728752805969,0.6636296366533403,0.7339192573000715,0.8511577744664343,-1.1635796381456194,0.9337963317046339,0.37340998386131835,0.5728588357191887,0.8048877255537898,1.0,13.120303824039784,0.0,0.8856186840962001,1.0,Pathogenic,CFTR,ATTAATGTCGT,EHHKTPTSFLD
VAR_003861,1.0,2.0,2.0,51.161653839331315,0.4189202773160343,0.0,0.7087016373460612,2.0,,18.59126848057737,65.95638836740483,0.7537833533169294,0.11150577515848614,0.0,3.236416575486836,5.902038416523478,0.9655569526208101,15.067702362155902,0.6257493832498398,1.5891243176869788e-08,0.0,0.0,0.0,0.0,0.0,0.0,0.11032140337096717,0.37823550492049457,0.31142840792791027,20.927716584724106,0.7449901878066182,0.40668455451842656,0.5767928033924982,-4.802460751870953,0.7550367166886637,1.0439003351899345,0.7125886989581376,,1.0,0.4943224488119598,1.0,0.7791240603692533,1.0,Pathogenic,CFTR,AGCTCACCTAG,NLAHNWIWADM
VAR_003862,0.0,2.0,1.0,75.16065794345889,0.47661132420041935,0.0,0.2122946076792635,0.0,1.0066379426592593,,27.01720667358358,0.19532858379031995,,0.0,-0.7543101824240717,-3.0014282285275224,,0.0,0.2752289410036242,0.0,0.023286676289449085,0.004488438423760824,0.0,0.0,0.010687659051840841,0.008676559559909666,0.6532393581746437,0.4533253591220232,0.4622145637508886,0.0,0.14598532843091494,,0.06408179529969474,2.965496114511593,0.0484988343902015,-0.5882534311363877,0.40541260604215074,0.03643049963810345,1.0,408.40061482880805,1.0,0.1950732496598693,0.0,Benign,CFTR,GCTGAGGATGT,IDSVMAVTTCC
VAR_003863,3.0,3.0,1.0,94.68179579903178,0.707094233629081,0.0,0.7661593278901099,2.0,0.6751460861874203,19.856942168229782,45.54459273075029,0.7097088924607771,0.896763087208371,1.0,2.7106796221170057,1.2234326507413922,0.9110395938443498,12.50015599777668,0.5807499951446708,0.00037088814011157663,0.000283861630024527,0.0,,0.0,0.015544001995536686,0.0,0.10925343665226561,0.5697421667729103,0.5745739074276479,26.4286889267401,0.6854902001883556,0.6867106277190151,0.7814623312542478,,0.7212748228618692,0.3043452342980435,0.27528881555758145,0.6216967565728638,0.0,,1.0,0.714777485027016,0.0,Pathogenic,CFTR,TGCCTAGGCGT,DHNGQVTIDAI
VAR_003864,1.0,3.0,1.0,117.50745312198774,0.3083301416144601,0.0,0.2636899167272463,1.0,0.9561391201804903,8.692340314330458,,0.3625926626107829,0.2947787814935958,0.0,-0.06704174432321497,-1.8681913205758545,0.034089867050619935,4.805418152374122,0.45154943105785667,0.0,0.008986928124909624,0.0,0.0,0.009586584494178213,0.0,0.0,0.580604546227268,0.09000311375471101,0.0631872612600159,10.406608496319528,0.23842132424155926,,,-2.198889041260612,0.06768105593258922,-0.18074433683282828,0.32476677653656005,0.3193306621618217,1.0,724.9761157935266,1.0,0.5665418539128999,0.0,Benign,CFTR,GGGCCGAATAA,ILRDMMCMWIS
VAR_003865,2.0,1.0,1.0,159.16175588756184,0.5550393786659295,1.0,0.6381606224907126,2.0,1.3460495356073654,16.94053129562801,38.02586831902986,0.7005992259428226,0.28481320167646107,1.0,5.712231988371166,4.339301342461685,0.400508260460038,5.842603841362915,1.0,9.182075138362708e-05,0.0,0.0,0.0,0.0007791008281877075,0.0,0.010533317373414484,0.32432544562923954,0.9802047416423405,0.9498619427302903,34.561109191998774,,0.8452535185346456,0.28693970804344887,-3.4380299404827253,0.8328705773728144,0.2318306950991943,0.7360864480700936,0.5985937325937476,1.0,46.88341051764981,1.0,0.6830384663564527,1.0,Pathogenic,CFTR,CGCTAGACAGG,SMREDENKPLE
VAR_003866,0.0,,2.0,120.38393957010679,0.575469396899888,1.0,0.6435162929054282,2.0,3.8301500038539547,42.50177170303651,32.448810712204896,0.6179673372523671,0.49926896755206884,1.0,7.481561558326655,4.221022706688878,0.7715479931268887,,0.8323425743861789,0.1288249705933496,0.1260669809775841,0.127688182047006,0.11689876264352402,0.1175400594240218,0.11438565314530187,0.1307406399844958,0.3924411884073267,0.6531463069884523,0.6131992816934244,36.17988692041868,0.1464274985752508,0.5228252935167583,0.6429844899015569,-0.6244608395925688,0.6730654493124818,0.259488999763517,0.7290485576973019,0.8136363928708716,1.0,19.757370012730718,1.0,0.7552396395701759,1.0,Pathogenic,CFTR,TAGCTGCAGGA,VGVGECKGEGH
VAR_003867,3.0,2.0,0.0,0.0,0.45393100458832797,0.0,0.010324870354814409,2.0,0.8138879935811161,4.310464230635278,21.36973238451659,0.0,0.24461988685889763,0.0,-0.5005101116881898,-6.194921245898264,0.16094714558144071,0.0,0.4051986954585395,0.28981525756168347,0.2884173761466564,0.28875030742082847,0.28496944884880626,0.2904976193978854,0.2881556806264791,0.2888844059366659,0.5805958039125849,0.25060018818508517,0.2588670795735024,2.72840496585858,0.25214888235280547,0.2888385585609092,0.27759796070340986,1.5034210618786032,0.3624205918589871,0.052902593455472,0.6179045633319981,0.06895316993835995,1.0,1678.4931281443337,1.0,0.0589828373624794,0.0,Benign,CFTR,GGTTTTTCCGG,TAHLGWSWVQK
VAR_003868,0.0,2.0,1.0,185.5021162460791,0.6682523055213443,1.0,0.34265660929401714,1.0,0.08426431096937315,5.704791047884625,50.40543970827037,0.3908011538570391,0.651512211630725,1.0,2.5752194940891053,6.73215296640749,0.7484936722170453,13.94677642815812,0.5841515987206745,4.011704917449023e-06,0.0028675025397794343,0.0,0.0,0.0,0.0,0.0,0.46377273931124197,0.607383769219088,0.5989788105184811,33.85846092150752,0.6196530295839088,0.6749874025378367,0.9229939707040119,-4.8988396671096925,0.5651217788448079,,0.8004818887397747,0.3768628082713674,1.0,25.29019311984799,1.0,0.8356861231776598,0.0,Pathogenic,CFTR,AACTGGGCTTA,HCTQLQWMEKV
VAR_003869,0.0,3.0,1.0,211.21969635674878,0.7213012084803185,0.0,0.4531642719054359,1.0,4.381486332125277,41.61251861840945,95.34805498069353,0.6956836540248793,0.41109500395520693,0.0,4.097472372619181,2.7494340736281844,0.5058505933432318,11.918801318702108,0.8411619811941284,0.0001621626553568122,0.0011864015369743197,0.008468107391290534,0.0,0.013256056156582563,0.0,0.003623972335651849,0.12403005336480077,0.9283140935053166,0.9358521337210473,25.263114332625193,,0.5415310690990256,0.8249999794303273,-1.1370810595913023,0.8257766895841913,1.149878035569174,0.6941665662680044,0.7623545512686369,1.0,42.896920160859416,1.0,0.772684286387664,1.0,Pathogenic,CFTR,ATTCACTCGCC,YHEVNRKQGGP
VAR_003870,1.0,2.0,1.0,0.0,0.3158173244085751,0.0,0.08058658145080164,0.0,1.3472629827385325,9.722625459960938,0.22764156476766273,0.24726247327704592,0.2858724752966296,0.0,-2.7993370347460838,1.7972172304968979,0.04067772118354076,1.529945726217336,0.28426022531559003,,0.23816610429750656,0.23416319713773412,0.2424080771489344,0.24487920699641547,0.23619875282193992,0.23646758755219632,0.7744379457034465,0.24881836075372643,0.2646574932523212,15.37544076435135,0.1817841693809248,,0.26479378927143493,1.5043870308319658,0.049929525307704115,-0.660018602421433,0.36794465016569206,0.5066022145579523,0.0,46.743216162398525,0.0,0.1499321215683567,0.0,Benign,CFTR,TGAATGCGTTC,GNNKFLGCSEG
VAR_003871,2.0,2.0,0.0,27.860104522066496,0.15515035933176408,0.0,0.07055494322379262,0.0,0.5430393830878641,9.997674199907838,13.826035747788373,0.13390603994059228,0.3444970151136436,0.0,4.485812406771424,2.270836206838914,0.20264707334535803,1.7808770666435476,0.5471902976496776,0.23845038165503843,0.2151129488066223,0.23899614473941497,0.2518358562007327,0.2409741623966793,0.2387365703486201,0.24075051036600315,0.5047000816173992,0.06742131311901622,0.10606943023241468,3.3632171778709194,0.060699537752676495,0.5162624597664689,,0.6153201274264964,0.0990531991286312,-0.378246334736196,0.3628249349877549,0.04181258332881008,1.0,349.3330226645602,0.0,0.1877636017298746,1.0,Benign,CFTR,AAAGACAGCTT,VRETSYRPPNF
VAR_003872,0.0,2.0,1.0,176.707140907962,0.6121592625438635,0.0,0.29140195106391775,0.0,4.405448010290031,31.19091567909851,118.15364402555379,0.7358234851557504,0.5342203935297422,1.0,2.4023185607868167,3.611672540031612,0.850665264022422,13.004188040571911,1.0,0.0006436130238942244,0.004765584181193682,0.0,0.0,0.009780933578846953,0.010510482277983138,0.007097940250624115,0.3286839465199261,0.7754232706299597,0.7968380906387167,39.00005729146348,0.800862671159024,0.9133778011549298,,-0.04100568115169301,0.6503402159676737,1.5503440336774053,0.8840382267227244,0.8567350830830462,1.0,88.4540219662248,1.0,1.0,1.0,Pathogenic,CFTR,GTCGGGCTTTT,FSRLAPKETVL
VAR_003873,3.0,0.0,1.0,143.99587151607247,0.439277964820847,1.0,0.3693898254056074,1.0,2.298683255173924,52.53547537611287,20.720494580822134,0.7067078034019775,0.5134268930369916,1.0,3.9894554323592333,6.6977574776413045,0.8758438126208291,6.873906228328886,0.7800649106572626,1.3362061562393405e-08,0.0,0.0027184824332733134,0.0,0.00020977470647322674,0.023000111897074713,0.0,0.23848298709672064,0.8384949838072816,0.8163122829162995,23.871867135486667,0.7628943577913252,0.5630122118365122,0.9238536217252956,-2.3438756599986017,0.8985643010944482,0.7692921223942193,0.7260517949789638,0.5397805896966673,1.0,101.10215728016925,1.0,0.8382621468471076,1.0,Pathogenic,CFTR,CAGCTGACGAT,IDGLGDYAQKI
VAR_003874,2.0,1.0,0.0,174.73977336830285,0.6238606210587234,1.0,0.2958341048455972,,3.802084567596438,26.464863573621297,48.03147480173875,0.8909315914632372,0.695920808797883,1.0,4.482450655804944,,0.8063209034200304,13.723476568471273,0.5341431073299476,3.371849325506452e-09,0.013497617795572712,0.019182162682894827,0.0016190421888728308,0.0,0.0039763211582929305,0.0030248344773649294,0.06772409890684347,0.5029021978540482,0.5886363001090373,19.25904215972703,0.8448193725427023,0.729826132015301,0.5037541221120352,,0.738602493594905,1.3144380703680045,0.6590130750857285,0.6898448897409113,1.0,83.27319679374948,1.0,0.8169063477807353,1.0,Pathogenic,CFTR,CAGCGGTGATC,KKIWLSARGCD
VAR_003875,2.0,2.0,1.0,54.39551139262054,0.4289016913146735,0.0,0.14359664145655424,1.0,1.4889305675168245,10.108279114221626,11.232835308422047,0.0,0.06849449410377659,0.0,-0.3803969958000013,-0.2377601033968948,0.28887560347423635,1.9152264639006376,0.3909045774455669,0.0,0.006352922269073521,0.0016233370334607239,0.0012628557884304112,0.0,0.011707995984951845,0.0,0.8239106877065959,0.05127442366096755,0.07916727236113208,4.946937311829262,0.13258343997483943,0.09368727246217518,0.20367570126052514,,0.06448148798128045,-1.25208220957966,0.23858012880572504,,0.0,1307.6619882554853,1.0,0.2750706710573509,0.0,Benign,CFTR,GATCAGTATTC,RSQHMIDFNDR
VAR_003876,2.0,2.0,1.0,173.33245287670516,0.48948738443383055,1.0,0.7877416319650309,2.0,3.235589247449695,27.946754769305258,57.328955185074825,0.47639430099321545,0.5647155989688589,1.0,4.851965109941213,5.978377548779692,0.975731373089868,19.441369965640995,1.0,0.0006172660902060932,0.0,0.00666439715772356,0.0,0.013987614814164427,0.0,0.003427416805751967,0.04641656420320508,0.759104986453201,0.7567660726268607,24.579484874605278,0.796331530288443,0.7865117643673174,0.873264014665742,-1.023197550505924,0.8766563304009373,0.3254308232332974,1.0,0.731788853954401,1.0,96.73218171508047,1.0,0.930087506444805,0.0,Pathogenic,CFTR,CACCCCTTTGC,NKNHPANLMDF
VAR_003877,0.0,0.0,1.0,92.33438862450906,0.757438156674681,0.0,0.8135313591267794,2.0,2.3564457025224335,7.079290686172159,11.976782612997166,0.8718034909008091,0.7473134423891591,1.0,5.731666608896287,4.883795332883727,0.8979953663303648,9.265514263358646,0.7836933427278003,1.271079659033441e-08,0.005879703624629754,0.0073128332686064655,0.0,0.0,0.0,0.0,0.07109140507171789,0.9537651598386929,0.9276008007377036,50.0,0.6586905945024603,0.8676706862021043,0.8714965563952661,-2.049727654819177,0.8406571816797415,0.6948726452417672,0.8508068446951942,0.2076412602432054,0.0,19.416664677526025,1.0,0.9061058879226774,1.0,Pathogenic,CFTR,AGAGTGAGCCC,QCWSFICNRPQ
VAR_003878,3.0,3.0,0.0,0.0,0.5446620177769277,0.0,0.07048568298445222,1.0,1.6425810275082742,7.265602087866558,23.264728245726737,0.18100474920506743,0.5666133907976509,0.0,-3.1337345578243587,0.11453847542479167,0.029461811317854664,0.0,0.30088001800433845,0.0,0.0,0.0,0.0011647516248880006,0.013048363933430568,0.003665455652383477,0.0,0.7944204370589333,0.06719584932669621,0.08930909091386496,0.0,0.4198966094202297,0.0,0.14235395540013918,1.5650082922686088,0.022456389533296758,-0.7551214848618107,0.2567611406962677,0.11538442502753511,0.0,89.00512713008574,,0.090408389756317,1.0,Benign,CFTR,GGGTTAGAATG,GWPEIDTKLGW
VAR_003879,1.0,0.0,1.0,0.0,0.345835478191538,0.0,0.019631446915086972,1.0,2.222470394873784,,7.9088681976370045,0.3028095718970848,0.16664009919075656,0.0,0.6776042752013384,,0.37762218601003683,2.7042535938525405,0.0,0.0,0.0,0.0,0.0071838257203747195,,0.016710865533626,0.0,0.7104954028603223,0.05371329227252836,0.008847288217908887,19.636509476670177,0.14300080784008348,0.24389598641791188,0.3854010658208293,,0.2843532082399164,-0.15573116985840352,0.3277040296172965,0.05070604487472922,0.0,477.5610622544984,1.0,0.38570747082599943,0.0,Benign,CFTR,TCATCGGAGCC,LCPGWDSATDR
VAR_003880,3.0,0.0,1.0,0.0,0.2630147182795191,0.0,0.027469840313164372,1.0,1.0704210730872767,10.637713391018726,8.302921337315503,0.11744794672003156,0.46532992325080635,1.0,0.5809053465526317,-0.5409112556063442,0.1002899419907162,4.262698976330498,,0.0,0.009751138060339334,0.0,0.0,0.01204524762516394,0.0,0.001174376731621991,0.6520628873406294,0.10328039983363793,0.09153501527439943,8.162024895019622,0.43184747420114683,0.3769250131538407,0.2212423709902146,-0.42221980413158045,0.0055675531716551895,-0.8095080120009479,0.05723689446889555,0.01081083588059415,0.0,604.0940139738143,0.0,0.41394418612099393,0.0,Benign,CFTR,CGCCCCCGATT,FRNFSMITCQH
VAR_003881,0.0,2.0,1.0,27.6384446244903,0.7631281820321664,0.0,0.2091856011324655,0.0,0.48798103521684005,0.25918294858026547,29.06344668982332,0.0,0.5174856603080603,0.0,-0.5727641640279348,-1.385803741919303,0.2650445879198208,0.0,,0.13037530122704338,0.12988940244142727,0.12332600572909197,0.1370340126371058,0.12297460824087068,0.13566483688551786,0.13424942631322168,0.6642570368566645,0.05218024918876257,0.053289993237080314,0.0,0.5258467758479802,0.21354700377514765,0.058831327599503165,0.7816676854467287,0.13486006171315765,-0.24804280347219068,0.6226930331620772,0.25800446258247084,0.0,842.0782506781026,0.0,0.39621671810650294,0.0,Benign,CFTR,CTCACTGAAAC,CTGENDTQQHP
VAR_003882,1.0,1.0,1.0,91.00124416083902,0.6831360681681009,0.0,0.6652374097354592,2.0,2.7185837774389245,14.320452275359308,50.43437059515268,1.0,0.5476487886600125,0.0,1.621374365898241,0.7635912602670203,0.8670802006430451,16.564253283903092,0.9589551685944688,1.0981344156436534e-09,0.0,0.0,0.0,0.00522076969709635,0.0,0.005044379457251208,0.21702181458189623,0.6381725577024913,0.6895266031295215,33.094207279205925,0.6511985518957699,0.805061258732981,0.8938078272645767,-5.166546842617571,0.7636009145513,1.0074789027452675,,0.25851762816934976,1.0,90.26160751341888,1.0,0.9688258874016211,1.0,Pathogenic,CFTR,CGCACGCGGTC,NEWFRLIERWV
VAR_003883,1.0,0.0,1.0,110.74267192583706,0.6927051124691149,0.0,0.22419327804499525,0.0,0.6526887571285234,15.106080482593512,54.80250819941951,0.7721158494920409,0.4384132733521471,0.0,5.389845823196897,8.043186553886017,0.6204324389449973,14.053184558165727,,0.1105206315572463,0.11054247639182806,0.11870269216063617,0.10627104543359264,0.10585218148050766,0.11163050798209577,0.10529826912289304,0.05846292843173534,0.8230265142483524,0.8924940563514502,30.751785268526852,0.6556228250174406,0.5029182104414411,0.847399469608632,-4.496175347224165,0.7957829209425209,0.6496778855576381,0.5855953684928653,0.5676567762550843,1.0,63.39888256498292,1.0,0.7176084685408723,0.0,Pathogenic,CFTR,CCAGCCGAAAG,HIVHRWDDPSG
VAR_003884,1.0,3.0,0.0,77.12389826294658,0.28756515281753725,1.0,,0.0,,28.65770078645916,23.68151082567112,0.4661335186312494,0.03395761601516217,0.0,-0.25804016866164226,-1.2657415929880798,0.37955755900218613,2.9596968397031143,0.5577350900201605,0.5328698786179246,,0.5257530526648471,0.5419281503113831,0.5389236427605345,0.5409428021760242,0.5275066799338146,0.5466104324600974,0.27845482580505027,0.20531835532290424,14.525890206135477,0.23242215163642183,0.45339217978265434,0.2704140074779342,-1.9455838006727513,0.162411336663441,-0.7832281324885345,0.37990010733596813,0.093062737826302,1.0,786.3093894633204,1.0,0.3332318181834771,0.0,Benign,CFTR,CAAACAGCTGC,TKIIWMFIWQC
VAR_003885,1.0,0.0,1.0,182.2759874442608,0.6368164448680761,0.0,0.47264844953331425,2.0,0.91939104672068,,74.10710139880572,0.5425820615754428,0.8543376835831064,1.0,3.2534155278127503,5.735075787023389,0.7941126473653506,11.98006934951252,0.9025558679767014,3.514533274051814e-06,0.006257200948756695,0.0,0.007235300006880764,0.008446762649461672,0.0,0.006960125079296823,0.08306765570497271,0.8370776935525465,,23.37833841664032,0.864516122938669,0.8358259858211059,0.9157748630128566,-6.614097557167392,0.8831923634644714,0.25980200478403764,0.9360640540808451,0.6338882175969174,0.0,53.983621032784804,1.0,0.7976761604367708,1.0,Pathogenic,CFTR,GAGTGATAAGC,DSCDKWASDHI
VAR_003886,2.0,2.0,1.0,159.40844129193874,0.44152856483815967,0.0,0.5532582613061974,2.0,3.5902579487299606,31.398571350797237,48.20421478872784,0.6141734953537111,1.0,0.0,4.044964130389149,1.8775446375281581,0.7756258422505604,9.831683262147456,0.6056539290117022,7.50329003176793e-23,0.004747932340198094,0.0,0.0,0.023744954965305345,0.0,0.0,0.11134741474305306,0.5025782795793183,0.5700754192008182,35.349106116495115,0.4983519485602695,0.7691588760705623,0.7599364312916466,-1.9612383202224293,0.9392598331326567,0.4264329477242797,0.88037366381983,0.2309297712370346,1.0,47.21648981402008,0.0,0.8495793926838819,1.0,Pathogenic,CFTR,TCAGTGCGCTA,EAPHDQALRSV
VAR_003887,0.0,0.0,2.0,159.36091509534208,0.3465112322945128,0.0,0.8118802462392185,2.0,3.792937125309082,4.424127602409751,101.54191800411559,0.6239619850911577,0.7305915301886678,1.0,0.7180416210042755,3.2858921194804407,0.4159502390026195,11.557463747608736,0.6269216512083418,0.0003179868756597301,0.0,0.0,0.002984803111260371,0.020367249923852387,0.02332559378406006,0.0,0.32128067400981025,0.6349376675971304,0.6941728204791542,23.948898475854108,0.6579591118452274,0.8071276701959419,0.697946455722842,-2.698375544943545,0.8549745170784455,0.8707893844803994,0.9882102669888763,0.32209891150493336,1.0,34.22489404592156,0.0,0.6709232876164047,0.0,Pathogenic,CFTR,ACGAGCAACGG,NAATHLIGTCI
VAR_003888,3.0,0.0,2.0,43.732236405396115,0.5953956667260961,0.0,0.39371989228700854,2.0,1.7440577966715989,40.23730713511148,41.46801616882576,0.1250678734502608,0.32387760838733126,0.0,2.3837646487170083,3.3594953191375763,0.34457154644994503,2.782301871900652,0.7251334554467493,0.0,0.01314300097283866,0.0,0.0005223855866669031,0.0,0.008089322554548077,0.0,0.6845990450892513,0.4076336329369311,,9.543234526110348,0.017768483826197425,0.19020180999440878,0.7265717265029835,2.4846332750100575,0.15717362207565352,0.11869737615166404,0.18523395121570005,0.2860582521531665,0.0,525.3130753677033,1.0,0.3720888216609517,0.0,Benign,CFTR,CCGTCCGGGGC,KGSEWKYYDWE
VAR_003889,2.0,2.0,2.0,106.36157796966395,0.24051037555828944,0.0,,0.0,1.6649612706799664,28.991677592594364,44.1911636326447,,0.30666715703803504,0.0,4.245159147332098,4.1046681687637365,0.21351298851590772,0.28121501980765595,0.39644633057083695,0.4690963308087362,0.46259365144261216,0.47387205879440647,0.45588714394814067,0.4650030282232147,0.4695714160829969,0.4760404953961863,0.8302046512415943,0.19334961390559965,0.17673155461060966,8.39316147601497,0.02937301084953604,0.3088593221565331,0.5281799581894416,2.5925541496528255,0.11166884552968381,-1.0554221552712857,0.06780975477233975,,0.0,704.6659150791297,0.0,0.32344454064717393,0.0,Benign,CFTR,CGGGCCCGGAC,EVIETMENPKS
VAR_003890,1.0,0.0,1.0,215.0,0.6304840106162968,0.0,0.3817246695442472,2.0,5.854151883205653,80.92981654838171,54.137479664706866,1.0,0.905359386102892,1.0,4.999396790907173,2.979374169301148,,13.990018516033738,0.6365857306565055,1.2526943675235281e-09,0.0,0.002241424410313084,0.0,0.0,0.0,0.0,0.1898454265452049,0.5046535627477607,0.42821134361504776,30.38945729732317,0.8361074859922658,0.9897118477664415,0.7912438499448028,-4.178292326463633,0.9731190697290808,1.0615670948082372,,0.8342551630085527,1.0,17.035492489002927,1.0,0.5963699720526751,1.0,Pathogenic,CFTR,AGGAAGTGGAC,YVSHLYPTNTK
VAR_003891,0.0,1.0,1.0,81.4461636633489,0.4192399603210906,0.0,0.09798978638108817,2.0,1.1639733644974823,25.808056076270375,52.186194881971005,0.05371188609821076,0.3432598690025796,1.0,-0.8019862724889621,-2.7292498301268187,0.16328418771244307,3.485956980104579,0.17258504586155343,0.18390461554225432,0.19769383942732682,0.1869592338555923,0.19055487416547306,0.1868547408536626,0.17658804025242622,0.18140301794019298,0.5968195736471982,0.20572633525180792,0.21417648843931883,3.7823912786213243,0.46241999735346967,,0.17740618774766875,-2.2055003377158817,0.18589981166758884,-0.3910426120966322,0.44926576546243835,0.045685225593551704,0.0,211.9861162332527,1.0,0.1731247276827543,0.0,Benign,CFTR,GACCGCATTGT,MPYGMSKGKHS
VAR_003892,,1.0,0.0,0.0,0.16623629003206133,0.0,,1.0,1.1071327665389865,19.99261105686984,78.13907917966402,0.24817287533600818,0.2837444287795142,0.0,3.4733791675937926,-6.007945786581775,0.13766755032812988,8.582190853236462,0.5401869737845473,0.0,,0.0,0.0009797906915750714,0.0,0.0,0.0034930597669656747,0.9141689703966213,0.04262998657923248,0.016738634615315433,8.359554407148234,0.038602572301671675,0.4361798024378034,0.2806850048683549,2.559175479825779,0.1434698536630545,-0.5176487682588695,0.255208398586237,0.1195340420771689,1.0,1508.771345514079,1.0,0.11685839444261144,0.0,Benign,CFTR,TGGTCGCTAAG,IWMLCEPYQVD
VAR_003893,1.0,0.0,1.0,30.48463666371142,0.5283539467943765,0.0,0.19205436362653963,0.0,0.8364623729095623,11.223013911431941,35.97648658768175,0.26331557690408064,0.3169843918097991,0.0,0.20958581292471823,-2.860719811235967,0.25034094532746626,3.4183614462888037,0.41077502333656013,0.0,0.0053903176412569975,0.0070584847760949455,0.0,0.0,0.0,0.0,0.7516002577069286,,0.22183570661106658,11.769797625948584,0.13777804807571822,,,1.2557817066454269,0.1521503628168322,-0.7045349994818064,0.0848011867028524,0.11216136843466863,,130.87420941806343,0.0,0.05636447353954662,1.0,Benign,CFTR,ACATAGGCTAG,DDPSKLRTNWI
VAR_003894,3.0,3.0,1.0,215.0,0.4283782342912641,1.0,0.6096080613243204,2.0,3.2914119195096694,23.630292171941257,23.6392195742851,0.42746169553891916,0.40357700025239296,1.0,3.40424209567739,-0.390158709147852,0.8177945131268108,14.093056644459768,0.5724503854648214,0.015977129654124206,0.014243569234493861,0.014957165600972948,0.00021242930050521108,,0.007985689975208569,0.007632811909379427,0.03491393126852244,0.6754998615381441,0.64255191422289,34.26265948130598,0.8707929760820059,0.4910400700929441,,-3.314315577856205,0.9388919761782287,1.0707699089063696,0.7361778916826012,0.697699077347769,1.0,7.067652349741145,1.0,0.8538657029194597,1.0,Pathogenic,CFTR,TTCGATGAGCC,QCTELWWKRTP
VAR_003895,1.0,0.0,1.0,102.2465888585403,0.6350749675561053,0.0,0.6495027527832653,,4.874335812337648,20.35715435498231,15.219867170909907,0.5654706692423536,1.0,0.0,3.496323013155237,3.0815581873763502,0.45339235387230914,15.247447265669349,0.7066114749763819,0.0280637296508405,0.02966271441486596,0.006378912046287811,0.03286531410999909,0.03609348932736495,,0.026658783851856133,0.06339855568216755,0.4550027143435647,0.49777825772393663,34.72730089486616,0.5977270017185903,0.5893711708995137,0.6322801786836633,-3.5041540582771775,0.6730737449497916,0.5189323540806899,0.5262486491726626,,1.0,8.36365943600537,1.0,0.7578458260731593,0.0,Pathogenic,CFTR,CTTTTCTCTCA,WFASRDMYMAH
VAR_003896,2.0,2.0,0.0,48.675150779988854,0.4026518106504526,0.0,0.02795468333636111,2.0,0.8788538991652218,31.232980507600068,28.96065161439772,0.46668329406599107,0.0,0.0,5.588034606823552,-1.3222806385230752,0.24022321305370523,0.0,0.46036918569086954,0.0,0.007629719687230548,0.013190867088409462,0.008567824602620277,0.0,0.01132641209507056,0.0,0.6580779830074116,0.4420122370901085,0.4350155113278816,10.87468005803933,0.08196952224562025,0.15910147759325635,0.24177615237252617,-0.5276274661891309,0.16253306195383238,-0.06243534048235275,0.05172387973074899,0.31990730673785617,0.0,930.1807942990756,0.0,0.3768067289117522,1.0,Benign,CFTR,TACAACGTAGA,VFELQLFEGKN
VAR_003897,2.0,1.0,1.0,46.961410766258375,0.6761947727416069,0.0,0.8227772250892019,,3.2626144732157365,5.841383637438775,19.791969606032193,0.5348017910879662,,1.0,3.502268290566916,5.352471736943196,0.9014240072157473,18.8585549985579,0.6302750913733178,0.04098301674846789,0.04736060305961616,0.0381350664005337,0.04725003677432527,0.032489729351112565,0.020648210633668635,0.02725241435293138,0.05831095353133209,,0.7004490342534849,23.745171334054703,0.978857223541708,0.7422969484694472,0.8894154559030987,-1.2713613197304312,0.9654705273925385,0.36490719450014913,0.14232273945978108,0.760065815363803,1.0,94.3719304735254,1.0,0.8002398888053164,1.0,Pathogenic,CFTR,CTTCTCAGAGT,FCRDKGGGHAL
VAR_003898,3.0,0.0,1.0,0.0,0.22034046503060112,0.0,0.14502824878152776,1.0,0.8590526595859989,36.725407645154924,0.9852808581673556,0.1895144423364577,0.0,0.0,-1.4188448800107876,-1.6847558040971924,0.10738096637093905,4.65364096329825,0.3242650851734728,0.0,0.0072172817211856154,0.0,0.0,0.006293187986276856,0.0,0.0,0.6288540260866637,0.17356911937660574,0.264640334172938,5.678317955725181,0.24559592311911185,,0.04683728797342033,1.018301230720668,0.18683019474386411,-0.9925306670668538,0.059820550920345154,,0.0,252.67044594332776,0.0,0.2557334715649547,0.0,Benign,CFTR,GTAGCACATGC,GVLLRAHLEHI
VAR_003899,2.0,0.0,1.0,168.48132379000617,0.7708042183069834,0.0,0.6206162350877581,0.0,2.903623716379226,76.72981713023762,,0.5825664181596116,0.7376922238552188,1.0,7.062146917311061,0.511207630506159,0.8731932648639432,9.08889859700494,0.6096065059689721,,0.05507311586378286,0.060932249150866175,0.050356177484970434,0.035180831458467336,0.06209165246803996,0.044526472418101225,0.192778887718088,0.5016883833842791,0.530865043377341,24.59465266221556,0.5448022338236773,0.7359865461755399,0.7890474384766389,-0.7241038139007858,0.8811726043116093,0.13654279571416883,0.5930324570843823,0.6005241638732618,1.0,13.617219767087791,1.0,0.811293057121686,1.0,Pathogenic,CFTR,TCAGTCGGTTA,QEWPSNPIKSN
VAR_003900,3.0,0.0,,58.8600916943271,,0.0,,1.0,2.338502215199045,42.374839367067764,36.867544833695504,0.22522842487109462,0.07102078902778264,0.0,3.745201262778626,0.5462487378614573,0.506700034402861,5.030009157042466,0.4308523518301577,0.45211644581656335,0.44102462942489906,0.4393045859358134,0.44484284869317753,0.4398465682282005,0.4479152957446357,,0.37821136039273884,0.31909171452282187,0.337143337142699,9.636005355576021,0.2744880472103228,0.2146872592562462,0.05113096528380928,1.7871500688027988,0.008148963371511489,-1.1305969603839592,0.0,0.2460232115252914,0.0,338.7226334476518,1.0,0.15208438604448263,0.0,Benign,CFTR,AACGAGTCCCG,AKFALYYCVSQ
VAR_003901,1.0,0.0,1.0,113.31458536852126,0.5851125640342281,0.0,0.12549148581953348,,0.7876157596682505,27.179662365984974,,0.08813269116055367,0.6303755234279743,,2.7988806976123835,0.8870521509070666,0.1775071685788925,4.844575855560771,0.2794336555607764,0.0,0.0024146807986119906,0.0,0.010720869132943739,0.0,0.0,0.0,0.7531983814285373,0.06006734822733252,0.13336684934550685,9.314339577427674,0.08624970429143403,0.27863296646342345,0.145871560769246,-2.5156953609586057,0.1099048904546431,-0.044197512128369684,0.004797455085875035,0.008445548100244768,1.0,344.5245796787387,0.0,0.16730137678170212,0.0,Benign,CFTR,TTTCGAAACGC,FTVFEWDMYKT
VAR_003902,2.0,1.0,0.0,37.75190025014353,0.5946851054208842,0.0,0.09872954505146492,,0.8536404645634729,25.45619716537462,41.38487923346548,0.4221396067497773,0.6417651341158018,1.0,-0.1725332000034091,-0.2984258223730957,0.12453455489831795,4.603596665494702,0.5974426849990858,0.0,0.013235160323253024,0.0,,0.0,0.008990148134221767,0.0,0.8387726052272022,0.07128155136351953,0.041210545741432944,2.976522422884444,0.10640365520567181,0.35625689339702743,0.5908579005165215,-0.5771105431474794,,-0.8914035847794927,0.006506179716182681,0.35587809865238257,0.0,477.48418216971197,0.0,0.40732879325050686,0.0,Benign,CFTR,TATTTTGACGG,YPGTETLNYHN
VAR_003903,3.0,3.0,0.0,106.39425874286505,0.25729417619688183,0.0,0.10457905145001535,1.0,0.8796447935809555,12.515420618201103,16.868836132055613,0.3806607409392037,0.2106363859507756,0.0,1.0294012602947333,-0.26679032794285246,0.46117775043004966,2.9303925675458773,0.6857617285698048,0.5364616474446438,0.5204794977338167,0.5426024967332429,0.542795968158709,0.5480257147001454,0.5364383187303934,0.5303689644429446,0.6891955418204752,0.15798075065545988,0.15566281124991976,14.678283598669571,0.0800196036509961,0.1398668304476233,0.08836437739776741,0.8249832041585647,0.1223312528167434,-0.3841547752088906,0.6712606067197718,,1.0,127.39983313031705,1.0,0.06765660632826438,1.0,Benign,CFTR,CTACGACGTTA,DPRMLWLVRKN
VAR_003904,2.0,3.0,1.0,68.84008707887484,0.4797043181982325,1.0,0.6769324199337533,2.0,2.259832747725538,36.85956699558205,50.210785724805675,0.9152650804056933,0.6452948361689902,1.0,6.394786924507343,0.4245043264027468,0.9675754546272514,13.874078211480768,1.0,3.325670555498703e-17,0.01793642303686092,0.0,0.0,0.0,0.0,0.0009174899840737935,0.2164910730672745,0.7660819359519851,0.7761387317116354,26.55374565975699,0.9001623240876628,0.634542635658822,0.2781689112974126,-3.7272389262303913,0.9044951717402946,0.2999885615914451,0.7092988197947059,0.8377244582981535,1.0,36.83585622396995,1.0,0.9415448439412217,1.0,Pathogenic,CFTR,CTCGGATGTGT,YNTNVPPFGEW
VAR_003905,3.0,3.0,1.0,92.8753769351531,0.41962954434769467,0.0,0.6175125458271651,0.0,2.5148383131553107,49.17230869914915,92.77136312427024,0.6226394841656783,0.45145959217701953,1.0,5.820567500320653,2.5738441657887083,0.8578977762010471,11.705367727997862,0.902482732380274,6.595025146442338e-09,0.004797702067390176,0.0,0.0,0.011684217367607448,0.008162198548580654,0.0,0.2523839846694825,0.38946131509251963,0.26903389634706365,29.41987216711398,0.9833189597316506,,0.6909894029912133,-5.946574337472556,0.908287986825721,0.44497612277017334,0.8575432915595427,0.4352699067145201,1.0,23.68081182170874,1.0,0.6228614194929474,1.0,Pathogenic,CFTR,CTGATGCTTTT,VPCWPAKDWQQ
VAR_003906,1.0,2.0,1.0,36.47097223166184,0.5641309038089324,0.0,0.2290692973198144,0.0,1.6335572644512641,44.625488454827085,11.104176388490913,0.13945678941827622,0.394351594782824,0.0,1.882508872750396,-4.726072118084433,0.04890111295320587,,0.3236198599154269,0.17448020488607355,0.17833899597956954,0.1775471501219953,0.17376762018113137,0.17945432325756705,0.16993275218209553,0.1763231876099731,0.5228350820111503,0.08070922135701702,0.03512956019861115,12.23299839059091,0.12265614674156693,0.11960309881460363,0.2494314492459055,0.04225368976034666,0.15437851709477016,,0.0,0.10586063566946678,0.0,336.31466566712123,0.0,0.30212678454005726,0.0,Benign,CFTR,AGGAGAGACTC,PVKNDYADVDT
VAR_003907,1.0,1.0,1.0,130.17465992301223,0.6895709676491295,1.0,0.44941009948585986,1.0,3.6213166995801176,25.03585360268266,62.363001265403526,0.6630680422423065,0.5794341163722072,1.0,5.586520402478497,4.047917813348379,0.8902805894823126,5.3802653695020854,0.6575145062502146,2.9232752282613994e-06,0.0013070677225922077,0.011768390612395298,0.014994108324448288,0.014083845221929377,0.024449222831885123,0.0010970172348038563,0.14851505267297532,0.7528398521161671,0.7657643583610182,,0.713698862595889,0.7483610086144181,0.9444323492850422,,0.7780075415031859,0.6048045173911845,0.606881921757767,0.9778941761846659,1.0,24.227665010669217,1.0,0.9192738104495666,1.0,Pathogenic,CFTR,ATACTCCGGTA,EHTAPDAIIAH
VAR_003908,1.0,1.0,2.0,36.556080095222214,0.825706094898064,0.0,0.021506309267733767,0.0,2.7796827763509864,45.03558513515634,23.840694713640598,0.3968326815128316,,1.0,-1.9585429883862504,0.8514395015563585,0.21518167616505346,8.026927268397653,0.04745637783932148,0.0,0.0,0.00901464617875463,0.0021713607456956465,0.007001412989664898,0.0,0.0,0.4918821737555167,0.22910972805812413,0.1788646141256855,13.391542390176259,0.1558950741869834,,0.011132925392862042,-2.397183424036926,0.16542393190423552,-1.482266262783296,0.0,0.014730756124317039,1.0,117.0064777618402,0.0,0.38362929671179136,0.0,Benign,CFTR,CGCGTGGAAAC,STFMKGSADSD
VAR_003909,0.0,3.0,1.0,58.95690314989155,0.4165130552438531,0.0,0.1741871876170927,1.0,0.8423616469173659,15.254114131258552,38.53435264521363,0.23907876981748893,0.35967191922841935,0.0,-2.453450574827748,-1.836766629787458,0.03013174672722487,7.330836814683623,0.10367160449607253,0.11449798237837662,0.10614210610733077,0.11573014039849897,0.12959454522888708,0.12773407148483917,0.10249440991472895,0.1139688464362449,0.9189712909641057,0.15647264390595128,0.2169863209000089,8.927626542625044,0.07916497521935865,0.3796809043664534,0.00793835683078026,1.5987631764645998,0.11592296493981866,0.06201186597414153,0.0,0.27370385449603224,0.0,43.563593021949416,1.0,0.3097595072790448,0.0,Benign,CFTR,ACGGTTTCTGA,QMFTNPAKIHG
VAR_003910,2.0,0.0,1.0,1.1721847753931791,0.5580171789593553,1.0,0.01872074206056154,0.0,0.03571401256981027,30.7830650202347,11.999659276090012,0.0745996335265976,0.06781317767519737,0.0,-3.227364804349871,2.1202387276471333,0.1650887426528691,0.0,0.2284495672419651,0.0,0.0,,0.00907394834791404,0.0,0.004827749327362174,0.0,0.7650987159978535,0.30436486608458013,0.2663641210531016,6.871571686862694,0.07164852100120528,0.2824251562132398,0.7616845672609768,,0.2055408606611685,-0.283375069099504,0.24188084700448464,0.17052991860456998,0.0,12.546499620586978,1.0,0.31954807790670164,0.0,Benign,CFTR,TCAGTTTAATG,SVCLVNDDESP
VAR_003911,1.0,3.0,1.0,114.56134678342521,0.454242514916981,0.0,0.2308449588498138,2.0,4.5461524791131485,21.85082958221088,7.131150639822501,0.6862902347638237,0.7490415629344209,0.0,2.7404185890574126,3.497700888265443,0.7272770140318668,7.747335895475471,0.9423905104499701,0.07338774476667245,0.07707191539952392,0.0724762918870448,0.0647020994404244,0.0616341067792858,0.07668367683077558,0.07834377670349249,0.16906476849566912,0.8594729390599984,0.7780925644605171,32.85413316891032,0.36568664992578914,,0.44628965308510304,-0.8701882719891096,0.7452682343622911,0.1798977660410234,0.4738863172066779,0.6917519445789809,1.0,74.34328874809512,0.0,0.7689421429179137,0.0,Pathogenic,CFTR,ATAGGTTCGAC,EDKFSAESNGE
VAR_003912,1.0,2.0,2.0,178.81606025528492,0.3367999313100933,0.0,0.06482435465362034,0.0,0.3496333544277018,13.986163619249165,6.1371292269948094,0.3458215627768714,0.0,0.0,-1.4523218051988824,-3.133503585023552,0.3212312123080764,2.1238463013492006,0.22350062002539509,0.0,0.0,0.013312126569073409,0.0,,0.0,0.003894261950868169,0.9404093230296797,0.03605766324103016,0.052839451841091054,15.625787524849116,0.2066797615765523,0.2657547134737002,0.05479218388915187,-2.349075143795214,0.08208518916850577,-0.02433051303413582,0.29399277553645986,0.13321802286781237,0.0,1066.1195658025729,0.0,0.2786233104264831,0.0,Benign,CFTR,CACGAAAGTAA,YPAHGSCEKII
VAR_003913,3.0,3.0,1.0,136.07725637926544,0.35374384950533116,0.0,0.25281265043690465,1.0,4.043868041056859,52.009447226301006,63.26442668651173,0.49295553604873593,1.0,1.0,6.680606445324948,4.402590122122057,0.7266947321132536,10.72461307326401,0.7488072286178807,0.00017472480377638008,0.0,0.0,0.0,,0.0,0.0,0.10466512341439506,0.6697398338692648,0.6580886294072966,17.809808494909642,0.8063629051680643,0.7184311640167241,0.6551052733835926,-3.54426080193507,0.9468114918547524,1.3528126775128682,0.6073759058846299,0.650486475988777,1.0,18.59502924282812,1.0,0.7402151889009507,1.0,Pathogenic,CFTR,ACTAGAGCGTG,VNFQRHYPDPR
VAR_003914,3.0,3.0,0.0,32.984452197386574,0.4928035144131611,0.0,0.07169196441876036,,2.941847119237214,23.917299508041317,44.123679397357165,0.1014525449124828,0.3481680574234983,0.0,-1.4268331530942515,2.726167167297379,0.11175828077598868,4.563951268480887,0.11053346181981039,0.6088579879205983,0.6005907422051305,0.6170528099422398,0.593477877712754,0.6073974322094264,0.5960133044581989,0.6068830024146046,0.7417206090479602,0.13770688800788156,0.17342054216761016,2.9591856658742337,0.04410792451412983,0.20884967065286852,0.08459773953457089,-1.7495865621139268,0.043452766501343915,-0.2555197444792675,0.04865315196511347,0.5062728612879217,0.0,414.2615733824394,1.0,0.16422899951552697,1.0,Benign,CFTR,GAAACCGCCGT,QWTSYLYIICF
VAR_003915,3.0,0.0,1.0,137.10523894327176,0.8602254818740237,1.0,0.7131098640457976,0.0,1.5877249974862417,53.62884624899208,89.48684056146016,1.0,0.23548119865026618,1.0,4.776114607859826,5.9072773781171275,0.7842579618975838,11.002024091486689,0.9292051431831354,0.05699558397062812,0.06531740273273148,0.07275849764585136,0.06072303427226448,0.059664691251640575,0.05959443621447538,0.05693075415216802,0.06487279408866105,0.43968684834025706,0.4899386268843703,27.867534635879057,0.8246582863715066,0.8126152998025528,0.9155259618448641,0.4634477185887538,0.8650573184244235,0.31408785147004536,0.8947224725928042,,1.0,82.91759184678368,1.0,0.8239352963885885,1.0,Pathogenic,CFTR,GCGTCTGTTTC,KHQFVKDAPTN
VAR_003916,2.0,2.0,1.0,112.45635408843646,0.5366539976415516,0.0,0.33058591401355814,,3.784455943698663,72.75789123742791,23.872345793170847,0.4922639006226049,0.9893128098589151,1.0,5.7164515939019545,5.120206787304405,0.8459420494087089,12.318030766481138,0.6580261236884657,8.58342568958087e-09,0.006788234173301457,0.0,0.0,0.010446728811994904,,0.003948585963021963,0.1585799897160533,0.5418336205234255,0.617145086271661,41.334629206038244,0.7297445850615535,0.6263795100659284,0.8298422364743127,,0.9134210198818948,0.9089264250815634,0.7028485985481636,,1.0,75.93915927800222,1.0,0.9381667383608315,1.0,Pathogenic,CFTR,TAACGACGCTA,DTVDIHSSAAC
VAR_003917,3.0,0.0,2.0,90.06517517828468,0.5470929656878682,1.0,0.4242589033788964,1.0,1.3787230028548785,17.387431255078518,14.945888039668558,0.39932102612655856,0.0,0.0,0.26374238059535016,0.4917944373164964,0.07973382617949969,5.31697553838746,0.6046843913025204,0.045448582491287526,0.04472080426268099,0.053462225390104166,0.05917958602950287,0.05398461311954122,,0.04863636093160466,0.7186467827845171,0.19417938416860386,0.24152867515475357,6.365380502762928,0.0911449752377428,,0.18659512414296925,4.217492193657096,0.020111838156170063,-0.07967110409451539,0.15079191076861098,0.16858797045765228,0.0,410.93948588182127,0.0,0.17738202646553933,0.0,Benign,CFTR,ACAATCTAAGT,GHLYKGFGSDK
VAR_003918,0.0,2.0,2.0,147.5855902657784,0.43166608327500905,1.0,0.6822860024106422,1.0,4.650642631455746,2.63946786411402,49.98770677573907,0.7684335507259035,0.3798149986895534,1.0,3.3098657337549255,7.756653766421879,0.8099785546229861,17.708998012934558,0.715656587475236,0.0007081416072666907,0.0,0.0,0.0,0.0,0.017987706395767578,0.0,0.09526804096977651,0.6630707078650754,0.6821587336252837,26.68786659131405,0.7586051524946998,0.5922493886366087,0.8655439922930428,0.023306610626967927,0.7004315888850203,0.6755442721425253,0.7925143833920759,0.6592218161755089,1.0,16.891980664702476,1.0,1.0,1.0,Pathogenic,CFTR,AAACGGCCCGG,DDNNWWNMWMR
VAR_003919,3.0,3.0,1.0,139.82273004067824,0.4489449567248999,0.0,0.6546959287867327,1.0,4.2778947089273025,26.37050982126223,23.659862776415178,1.0,0.7928034677390656,0.0,5.5204049522813055,5.575561816102574,0.6703708305847595,6.9454690611640535,0.7234940911691642,1.4732557722121966e-06,0.0,0.0016263134145169,0.0013955932558454625,0.006675222933616444,0.0,0.0022252297123338685,0.13599112982529216,0.8687591138811633,0.9052115859964942,36.76100501837313,0.669102348228722,0.5256178431233341,0.5908757778981781,-6.434417092529903,0.7982266502130619,0.662184187275228,0.4285751292016096,0.2276142899103873,1.0,5.12114884922537,1.0,0.8041155758864622,1.0,Pathogenic,CFTR,GAGACGATTTA,VESSCTKGEPG
VAR_003920,3.0,0.0,1.0,49.39544119612769,0.43234383615344346,,0.07846251717479184,1.0,1.3998418597798663,18.323322449873583,12.20314140375352,0.6393907733556589,0.0,1.0,2.0810390316349006,-0.5292592745529046,0.012739151951953747,0.24677379171286828,0.09041795864527133,0.0,0.012749975992868333,0.0,0.0,0.0015076661615150513,0.00953143010042347,0.0,0.8350616301889539,0.41290307224419576,0.4746000917962801,12.774550082041808,0.2247135048246424,0.3932635806027415,0.04639510962834199,5.463873746153482,0.0973466225781274,-1.5031563287312273,0.07402450642400134,,0.0,95.95430366055872,1.0,0.40344058227371005,0.0,Benign,CFTR,GAGTAACTCCA,YDCCNRSREGV
VAR_003921,2.0,1.0,1.0,42.51848168446187,0.574376019744464,0.0,0.10153651016415106,2.0,,3.982533288813583,55.987873460959214,0.40342807469683173,,,-0.5333508433574861,-2.0603503192001997,0.016582570466239618,3.4288194892488177,0.24246717768142068,0.0,0.0,0.0,0.0007777902768643507,0.01820903348723774,0.0,0.0,0.9306630654801252,0.0959836747680433,0.13374319750589886,10.92859886395682,0.23407908096598273,0.048373297625092286,0.5279382436473852,1.7271164557259961,0.12117293441104626,-0.4041582766966242,0.06097259193556655,0.12295904442414086,0.0,123.14251170716042,1.0,0.2740824927659653,0.0,Benign,CFTR,GGTTAGACACT,DRPSSGEEGMC
VAR_003922,1.0,0.0,0.0,104.73612510912595,0.7105725589298634,0.0,0.8113231297319606,1.0,0.2259834084953405,46.96924691313454,81.91327272242236,0.8835773496415378,0.6525877768539952,0.0,4.870575672698068,4.579436601927811,0.6890736458698332,9.147885298960649,0.8832546022559427,4.0508820333575285e-05,0.006502754724622127,0.011549210203797502,0.013321485329013769,0.00039639422341330034,0.0,0.003753445255486588,0.40041687388444264,0.9040111328292892,,23.058070389168847,0.5138371752944206,0.649951977694884,0.8728756729721839,,0.785914302514814,0.06378860674745815,0.6717717511432806,0.8283763998379524,1.0,25.881750417664385,1.0,0.796481398346887,1.0,Pathogenic,CFTR,ATCCCAGGAGT,GAVYNKFEQRK
VAR_003923,1.0,3.0,1.0,153.39191461665243,0.33962923091712355,0.0,0.799713833026399,2.0,2.5842173519298437,57.09157698550156,70.72279571128433,0.7150608405655762,,0.0,5.418183494098205,5.86723142068168,0.28816119921143446,10.831254898085152,0.5509719554393142,0.07069955076881915,0.07829176809496635,0.0871189667251677,0.06349247677817019,0.060289622766187365,0.08060210801581909,0.07744921620789726,0.0745651235710059,0.5137776619498963,0.5253844604830712,27.710267130045043,0.5593157077273796,0.7653713434306626,0.9177327028401868,-8.028610668469137,0.7004882084746259,0.8233297510183416,0.8368386954561532,0.6091257265252762,1.0,85.44492170801016,1.0,0.8903375020724764,1.0,Pathogenic,CFTR,GCCTGGAGCAT,FLCLYNEQAWV
VAR_003924,3.0,,,62.028019074065156,0.6131464497334712,0.0,0.6494810108725624,1.0,0.6104717530960627,26.905472329682674,6.607759870853136,0.7247098321783746,0.7902007001849283,1.0,,4.395150659974307,0.9070272042175004,11.040723130913367,0.5549144061325063,,0.002288068314567241,0.015488631416073581,0.0,0.0,0.009461792097073735,0.0142763165730342,0.408759146387213,0.3624292648617453,0.3165450841772607,30.058370008082044,0.7010530697304848,0.4446543062959241,0.9481574922627053,-3.056257646204599,0.8662520332452307,0.5288932085629411,0.9119404782866642,0.5363879022310374,0.0,0.3114784151779049,1.0,0.951754384484312,1.0,Pathogenic,CFTR,TGTTTAGGTCG,WCYTSIAWTHT
VAR_003925,1.0,3.0,1.0,196.39252757323916,0.5657363833320596,,0.6916333080052876,1.0,3.2756767722403857,15.579779876996723,3.521503510266071,0.8969064849193469,,1.0,7.055367150342504,,0.9853449732840608,11.13871822870469,0.7670499831824341,0.035037164917868104,,0.03657199227912692,0.026520770757626516,0.02715548311492544,0.02753852615757439,0.044925454911071465,0.07771730134605266,0.8668078884327757,0.9265989007301416,30.462720415393825,0.7586897786830968,0.944953068395438,0.9240968804238692,,0.7253065704642652,0.6998738528404711,,0.48871595338028834,1.0,72.19580944850797,1.0,0.6413347184910105,1.0,Pathogenic,CFTR,GTGCTGGCCGA,IQCPKCLISSV
VAR_003926,0.0,,1.0,43.575525167325836,0.6005909550854286,0.0,0.7258779497734097,1.0,3.3504888129196324,32.53695445544274,27.7776748457984,0.6255306540257707,,1.0,2.6121974621764714,7.475250386234713,0.6749698529423587,9.749470799847632,0.9940822449100868,3.922062575776448e-17,0.0,0.012160213088172443,0.011551828149831203,0.0,0.01145395927612029,0.0017583074934249545,0.02097220233088543,0.43779026816636346,0.373348374359682,29.439846205984193,0.8738076647880355,0.8182009453020148,0.4199792311691504,,0.6884137505024085,0.4842440291670192,0.6608921571633081,0.9067183612983415,1.0,13.778251882451134,1.0,,1.0,Pathogenic,CFTR,GATCAGGACGT,VLGPKTQGKGS
VAR_003927,0.0,1.0,1.0,58.447962284141695,0.6330245800174101,0.0,0.2529810766210109,1.0,0.20954438735234096,12.95964258111249,5.574278986974924,0.30347112760300177,,1.0,1.1118033492580166,-4.142715384880351,0.17486872338177034,6.61371277753495,0.40085040444453274,0.2524849444016674,0.25503407669320544,0.2577071156395138,0.242839801159967,0.25418257299065494,0.2409056859286022,0.2463994276570385,0.585909212467801,0.3299363307412091,0.21645230304306248,9.502802057981546,0.48848372656111333,0.09484420920514325,0.25122622148929535,0.20357696600272884,,-0.05173393256119378,0.38793611300123565,0.043472868302830654,0.0,,0.0,0.5017879516690043,,Benign,CFTR,ACTGCGCGTAG,RMRYGSACDYC
VAR_003928,1.0,1.0,1.0,12.624171947138317,0.5082480467791528,0.0,0.2656850521578036,0.0,1.082333444815213,24.225713168949405,22.785997134533215,0.0,0.1184995813325348,0.0,2.2817394899662062,-2.72640818090096,0.3120776563526871,5.492014381700843,0.38379819283488575,0.0,0.013809581430176028,0.00140879760716432,0.009035911634159762,0.0,0.012081108953843508,0.0,0.7319136479074598,0.08583067740499997,0.10263416016132948,6.791015796396303,0.19688939091596427,0.3253874550177039,0.6615919284161064,2.542294582479175,0.5126173019770547,-0.7548968960880081,0.0,0.16395666355806088,1.0,7.061188317806078,1.0,0.3517520656922835,0.0,Benign,CFTR,CACGTAGCATC,GTAWYVSWLES
VAR_003929,3.0,1.0,0.0,74.14967529020561,0.22858539730915822,0.0,0.23708272740416225,0.0,1.1084909932937261,19.19575769472733,71.53124199564627,0.25619045931496304,0.6077669174769333,0.0,1.3102537589834342,-4.907700417456732,0.5659667303245898,1.6093006263221135,0.675472176235619,0.0,0.0,0.0,0.003213273618357106,0.0,0.0,0.0014532333801371815,0.8391208807229696,0.10555983189826539,0.08028228998538373,1.101522962242017,0.0063317199307613295,0.1826533883604522,0.3828969970049636,-3.2018137977578,0.307609513864839,-0.7422708456777181,0.19816221035592194,0.2310974368368539,0.0,257.5977297612783,0.0,0.2387427536251074,0.0,Benign,CFTR,TTAATGCTGCG,CKMPQDGKMGK
VAR_003930,2.0,0.0,1.0,0.0,0.4711796261704166,1.0,0.3140093891756377,2.0,0.5240004458683704,60.29976322803469,17.455591587366783,0.07699199025008233,,0.0,1.8989374725478205,0.46889985761157216,0.23334941048368435,1.0009242062394286,0.18105751014848973,0.0,0.010157277969697067,0.0,0.0,0.0,0.0030837465257964208,0.0,0.7556802582984286,0.2854666936254963,0.3637554784552203,6.996507501932358,0.14138464916153934,0.45382196464459884,0.015288608531426499,1.2359984040685155,0.019246021026212572,-0.15708431064610948,0.08056216973876051,0.5850578659135298,0.0,355.9347192865746,1.0,0.316396791447963,0.0,Benign,CFTR,TGATCGACACC,WMFMWQVQCWG
VAR_003931,3.0,1.0,1.0,24.82982022759853,0.3743860103254579,0.0,0.26377775713058976,0.0,1.7083671955945032,8.635465991402377,14.819554056082975,0.09527180061224752,0.7830531169346848,1.0,-0.7824686060445514,1.149739186853215,0.4200523404752359,13.036602714355123,0.36114601291369197,0.0,0.0,0.0,0.0,0.00846554014840091,0.0,0.00518951068706646,0.569090240752586,0.010353910335671644,0.017789651449942635,8.185323828986471,0.08531237250238581,0.4854475818685874,,3.5583948157548124,0.12024802980662892,-1.3905699471779562,0.3523267244124376,0.06234137348594773,0.0,169.7036521849551,0.0,0.06923434753569614,0.0,Benign,CFTR,CGAGGCACCCA,HQYVQIEGDSN
VAR_003932,0.0,2.0,1.0,31.37308911801674,0.3710357401004885,0.0,0.11591705461416679,0.0,2.3298678772355084,8.304087899050513,5.454468031504446,0.49631798693950735,0.09675746655363623,0.0,1.615155386572702,-0.02133553596113269,0.17699044559789598,2.722842548030286,0.48521745972855546,0.153931435605622,0.16255943945133874,0.14510435761978666,0.15840043590701783,0.15641550736470541,0.17627663742872482,0.15162416287046313,0.9756412585782345,0.07519398488995213,0.047555315270796025,14.478460214166205,0.0366530913250438,0.08834326242007134,0.22906969451172868,1.0454867719542706,0.029354496446114445,-0.6120089911380184,0.0,0.3925190324782154,0.0,35.88517094250751,0.0,0.18307869158051482,,Benign,CFTR,CCTTCAGACTG,GDTRWISWHET
VAR_003933,2.0,2.0,0.0,39.37522415728548,0.6337629024131259,0.0,0.305645211770795,0.0,0.28705400764614236,7.347117478704672,7.702193902692821,0.008789115241551727,0.12103500562139846,0.0,-0.5769307103309871,1.3751914951109065,0.090429859382425,10.088803436076597,0.0,0.11709544525957596,0.09041088259986194,0.1305513968336903,0.13331019660269228,0.1144539639524059,0.12940385382225195,0.11332623996764436,0.8079181261522583,0.18607282726454277,0.23085964623786978,10.025907777836387,0.03787465780296192,0.30117866363405893,0.21556618442658176,2.496590867663704,0.22144533642668573,-0.49544344982999167,0.0,0.005385980601721367,0.0,585.5682843353978,1.0,0.3818827296374386,1.0,Benign,CFTR,ACATCAGTTTC,NAVYEYEHTSV
VAR_003934,3.0,1.0,1.0,163.4832919201238,0.46633378198278846,0.0,0.3059225839319738,1.0,2.153791992606194,43.04643079808297,85.96231038752714,0.6522626978938827,0.38573305999662877,0.0,1.9377184776338359,0.8305186861537779,0.6714533322546627,3.9700158124202556,0.6635509446259105,0.030780881852966263,0.040893489197308175,0.02927688444665525,0.03146108628785489,0.021596829106727715,0.027846333918266124,0.032299077084391746,0.11546502291541538,0.501772720947478,0.4972994714121153,33.94073955869402,0.547792971849565,,0.7030976255006262,-5.332336598297939,0.4631198729642435,0.19001608313326762,0.7913099460848156,0.26264746696897107,1.0,41.81006984709879,1.0,0.8802868363048207,1.0,Pathogenic,CFTR,CTGAAGCTCAT,EWFYCCEVFDY
VAR_003935,2.0,0.0,0.0,0.0,0.32758880632524967,1.0,0.11025672905946386,1.0,4.471223461881134,24.200539480535976,48.14596071887701,0.25090815083092394,0.2313689738263698,0.0,0.46758240353614045,-1.0945491862756618,0.029621207498977734,4.91503181082743,0.16180054233071722,0.0,0.0,0.014951941238469857,0.0,0.0011317613020254448,,0.001814786648256497,0.625388134972528,0.21239396325465534,0.19615491455415038,19.905681802739252,0.15389413308725985,0.3461129820600578,0.29979539681960904,4.4868625525020756,0.21027829829589043,0.30585954005024074,0.2764987294156494,0.04177767173011781,0.0,106.63984483533413,0.0,0.3239032774657979,0.0,Benign,CFTR,GTCGTGATATC,KWLNLVYVPNG
VAR_003936,0.0,2.0,1.0,107.94997162009864,0.23864561698135886,0.0,0.1468039944881901,2.0,1.527280497722034,31.12294045441758,22.150354165595456,0.28654110923779424,0.08969335382088169,0.0,3.3123654108294103,-2.359778615530674,0.19201802746017743,7.425740789319646,0.1838208751520778,0.7853836261791866,0.7906276414788614,0.7786076013438311,0.7912505541415644,0.7790527785611068,0.779435096185741,0.7938726255544633,0.45024776568203906,0.49253385501873126,0.5105138413230775,8.379011874138316,0.05399191929581239,0.26298981626231943,,-0.44692429262815303,0.057792550798957294,-0.2067659453586052,0.0,0.018864871774985307,0.0,457.42225392156377,0.0,0.3762699645241459,0.0,Benign,CFTR,GCGACGCCGGT,EWANLNYMGRI
VAR_003937,3.0,1.0,2.0,149.99820049500147,0.6983697453696895,1.0,0.7409756951141084,2.0,2.6478435976556987,53.31156663167326,35.26642132772721,0.7956413173315139,0.6065785216483267,1.0,3.441944747891112,3.521938916095577,0.7392577020272768,15.586603174117638,0.7202368281974264,0.07104541890213764,0.07445050450151276,0.06874258898342049,0.06734938852218754,0.05404035232843157,0.05972875294550323,0.07089879047738776,0.3581669208365461,0.6401884169415816,0.664497116647061,34.5324183780532,0.8562449033608314,0.7801138802112576,0.7046055638127187,-2.0366432104789416,0.8634894708366113,-0.12075102057921124,1.0,0.38945532667211885,0.0,13.285229190514961,1.0,,1.0,Pathogenic,CFTR,ATGCAAAAATT,HRRAMKFPTMC
VAR_003938,1.0,1.0,1.0,0.0,0.2896357983848007,0.0,0.35821067391784356,0.0,0.9475599469677565,30.245280795110453,38.01059787171583,0.36157355985123935,0.5979619692270066,0.0,3.2885735974811334,-1.269662879366339,0.24768750607757828,5.007925105853754,0.04388517361719397,0.30284469941392994,0.2997651277568064,0.29858269057090997,0.30444960333107857,0.29905637176190003,,0.3096810733663014,0.6521484458935083,0.1599924797453481,0.1515506728498501,1.535759825663597,0.0612592611174941,,0.254476366691087,1.406408038601659,0.049795933452001534,-0.6142959909521774,0.31404619990420596,,0.0,24.82777837854929,1.0,0.4262614237617319,,Benign,CFTR,GACGTAGCGGA,MFVDNLKTQVL
VAR_003939,2.0,2.0,1.0,0.0,0.3595894996083388,1.0,0.1522308210094423,0.0,1.4871006791647827,23.49343879315992,40.71835147795995,0.3983658784381923,0.3188658755590229,1.0,4.329650672341573,-1.3935843039331144,0.17013110127149936,0.0,0.3612900210253779,0.0,0.0132393203514963,0.0,0.0,0.0,0.0,0.0010514677761731804,0.6841815932279511,0.28748928494803155,0.2645248046204305,10.98094865147155,0.13554200038966221,0.17284869176932047,0.08256562987525377,0.3509385260186443,0.2306611467831202,0.2988084534463163,0.09634280511503512,0.10846568527931394,0.0,139.41129863062798,0.0,0.3145083638320717,0.0,Benign,CFTR,CAATGCGGGTT,TMLYHCDLTVM
